date,headline,url,summary,year,month,day
2021-10-09 17:51:00,Ο Δ. Κουφοντίνας προσέφυγε στο Ανώτατο Ειδικό Δικαστήριο,https://www.documentonews.gr/article/o-d-koyfontinas-prosefyge-sto-anotato-eidiko-dikastirio/, Στο Ανώτατο Ειδικό Δικαστήριο (ΑΕΔ) προσέφυγε ο Δημήτρης Κουφοντίνας προκειμένου… ,2021,10,09
2021-08-19 16:39:00,Αίτηση αποφυλάκισης κατέθεσε ο Δημήτρης Κουφοντίνας,https://www.documentonews.gr/article/aitisi-apofylakisis-katethese-o-dimitris-koyfontinas/, Αίτηση αποφυλάκισης για υφ’ορων απόλυση κατέθεσε τη Δευτέρα στη διοίκηση… ,2021,08,19
2021-07-31 13:48:00,Επανόρθωσε το MEGA τα fake news κατά ΣΥΡΙΖΑ για τον Κουφοντίνα (Video),https://www.documentonews.gr/article/epanorthose-to-mega-ta-fake-news-kata-syriza-gia-ton-koyfontina-video/, Ανασκεύασε το MEGA τη ψευδή είδηση που μεταδόθηκε πως ο… ,2021,07,31
2021-04-23 15:20:00,Το ΣτΕ απέρριψε το αίτημα Κουφοντίνα για ακύρωση της απόφασης Νικολάου,https://www.documentonews.gr/article/to-ste-aperripse-to-aitima-koyfontina-gia-akyrosi-tis-apofasis-nikolaoy/," Η Ολομέλεια του Συμβουλίου της Επικρατείας, απέρριψε, όπως ήταν αναμενόμενο,… ",2021,04,23
2021-09-04 19:25:00,Επέστρεψε στις φυλακές Δομοκού ο Κουφοντίνας,https://www.documentonews.gr/article/epestrepse-stis-fylakes-domokoy-o-koyfontinas/, Στις φυλακές Δομοκού μεταφέρθηκε σήμερα το μεσημέρι ο Δημήτρης Κουφοντίνας… ,2021,09,04
2021-08-04 15:48:00,Γιατροί του Κουφοντίνα: Πρέπει να μεταφερθεί σε κέντρο αποκατάστασης,https://www.documentonews.gr/article/giatroi-toy-koyfontina-prepei-na-metaferthei-se-kentro-apokatastasis/, Με ανακοίνωσή τους οι γιατροί του Δημήτρη Κουφοντίνα επισημαίνουν την… ,2021,08,04
2021-02-04 15:12:00,Στην Ολομέλεια του ΣτΕ το θέμα της μεταγωγής Κουφοντίνα στις φυλακές Δομοκού,https://www.documentonews.gr/article/stin-olomeleia-toy-ste-to-thema-tis-metagogis-koyfontina-stis-fylakes-domokoy/, Στην Ολομέλεια του Συμβουλίου της Επικρατείας εξετάστηκε σήμερα το ζήτημα… ,2021,02,04
2021-03-23 16:39:00,"Εκτός ΜΕΘ ο Κουφοντίνας – «Βελτιωμένη η κατάστασή του», σύμφωνα με τους γιατρούς",https://www.documentonews.gr/article/ektos-meth-o-koyfontinas-veltiomeni-i-katastasi-toy-symfona-me-toys-giatroys/," Βγήκε από τη ΜΕΘ του Νοσοκομείου Λαμίας ο Δημήτρης Κουφοντίνας,… ",2021,03,23
2021-03-21 22:21:00,Γιατροί Κουφοντίνα: Η κατάσταση της υγείας του παραμένει σοβαρή,https://www.documentonews.gr/article/giatroi-koyfontina-h-katastasi-tis-ygeias-toy-paramenei-sovari/," Μετά τη λήξη της απεργίας πείνας διάρκειας 65 ημερών, έχει… ",2021,03,21
2021-03-17 15:41:00,Απέρριψε το αίτημα του Δημήτρη Κουφοντίνα το ΣτΕ ως αναρμόδιο,https://www.documentonews.gr/article/aperripse-to-aitima-toy-dimitri-koyfontina-to-ste-os-anarmodio/, Απορρίφθηκε σήμερα Τετάρτη από το Συμβούλιο της Επικρατείας λόγω έλλειψης… ,2021,03,17
2021-03-15 06:00:00,Υπόθεση Κουφοντίνα: Το αίμα στα χέρια τους,https://www.documentonews.gr/article/ypothesi-koyfontina-to-aima-sta-xeria-toys/, Αποφάσεις-όνειδος για ευνομούμενο κράτος από τη Σοφία Νικολάου και την… ,2021,03,15
2021-03-14 14:05:00,Σταματά την απεργία πείνας ο Δημήτρης Κουφοντίνας,https://www.documentonews.gr/article/stamata-thn-apergia-peinas-o-dhmhtrhs-koyfontinas/," Σύμφωνα με τη συνήγορό του Ιωάννα Κούρτοβικ, ο Δημήτρης Κουφοντίνας,… ",2021,03,14
2021-03-13 22:25:00,Έργο Μητσοτάκη με επιστασία Χρυσοχοΐδη: Eλλάδα του κλότσου και του μπάτσου – Στο Documento που κυκλοφορεί – μαζί με το Docville,https://www.documentonews.gr/article/ergo-mhtsotakh-me-epistasia-xrysoxoidh-ellada-toy-klotsoy-kai-toy-mpatsoy-sto-documento-poy-kykloforei-mazi-me-to-docville/, Η συνέντευξη του νεαρού που ξυλοκόπησαν στη Νέα Σμύρνη: «Η… ,2021,03,13
2021-03-13 09:40:00,Γιατροί Δημήτρη Κουφοντίνα: Οριακή η κατάστασή της υγείας του – Απαιτείται πολιτική λύση,https://www.documentonews.gr/article/giatroi-dhmhtrh-koyfontina-oriakh-h-katastash-ths-ygeias-toy-apaiteitai-politikh-lysh/, Οριακή και πάρα πολύ κρίσιμη είναι η κατάσταση υγείας του… ,2021,03,13
2021-11-03 14:40:00,Απορρίφθηκαν από την Κεντρική Επιτροπή Μεταγωγών τα αιτήματα του απεργού πείνας Δ. Κουφοντίνα,https://www.documentonews.gr/article/aporrifthhkan-apo-thn-kem-ta-aithmata-toy-apergoy-peinas-d-koyfontina/, Με ένα απαράδεκτο σκεπτικό που πλήττει βάναυσα το πνεύμα του… ,2021,11,03
2021-10-03 15:14:00,Υπόθεση Κουφοντίνα: Παρατείνεται το βασανιστήριο όσο η ΚΕΜ αδιαφορεί και δεν συνεδριάζει,https://www.documentonews.gr/article/ypothesh-koyfontina-parateinetai-to-basanisthrio-oso-h-kem-adiaforei-kai-den-synedriazei/," Μετά και το Συμβούλιο της Επικρατείας, που δήλωσε και αυτό… ",2021,10,03
2021-09-03 17:12:00,Δημόσια επιστολή 36 δικηγόρων για το θέμα της μεταγωγής Κουφοντίνα,https://www.documentonews.gr/article/dhmosia-epistolh-36-dikhgorwn-gia-to-thema-ths-metagwghs-koyfontina/," Με ανοιχτή επιστολή, την οποία υπογράφουν 36 δικηγόροι και νομικοί,… ",2021,09,03
2021-09-03 14:58:00,Κουφοντίνας: Συνεχίζω μέχρι τη δικαίωση του αιτήματός μου,https://www.documentonews.gr/article/koyfontinas-synexizw-mexri-th-dikaiwsh-toy-aithmatos-moy/," «Συνεχίζω την απεργία πείνας μέχρι τη δικαίωση του αιτήματός μου»,… ",2021,09,03
2021-09-03 13:04:00,Η πρόεδρος του ΣτΕ απέρριψε λόγω έλλειψης δικαιοδοσίας το αίτημα Κουφοντίνα,https://www.documentonews.gr/article/h-proedros-toy-ste-aperripse-logw-elleipshs-dikaiodosias-to-aithma-koyfontina/, Αναρμόδιο δήλωσε και το Συμβούλιο της επικράτειας.  Η πρόεδρος του… ,2021,09,03
2021-08-03 19:24:00,Δυναμική και η σημερινή πορεία στο κέντρο της Αθήνας για τον Δημήτρη Κουφοντίνα,https://www.documentonews.gr/article/dynamikh-kai-h-shmerinh-poreia-sto-kentro-ths-athhnas-gia-ton-dhmhtrh-koyfontina/, Πολυπληθής και δυναμική ήταν και σήμερα η συγκέντρωση αλληλεγγύης στον … ,2021,08,03
2021-08-03 15:43:00,Στο ΣτΕ προσφεύγει ο Δημήτρης Κουφοντίνας,https://www.documentonews.gr/article/sto-ste-prosfeygei-o-dhmhtrhs-koyfontinas/, Στο Συμβούλιο της Επικρατείας προσέφυγε ο Δημήτρης Κουφοντίνας μέσω του… ,2021,08,03
2021-08-03 14:53:00,"Ούτε σχέδιο, ούτε αυτοκριτική",https://www.documentonews.gr/article/oyte-sxedio-oyte-aytokritikh/," Ενώ η αγωνία να μην καταρρεύσει η Αττική κορυφώνεται, ο… ",2021,08,03
2021-08-03 14:17:00,Η εγκληματική κληρονομιά της Μάργκαρετ Θάτσερ,https://www.documentonews.gr/article/h-egklhmatikh-klhronomia-ths-margkaret-oatser/, Η κυβέρνηση Μητσοτάκη ζηλωτής των μεθόδων που οδήγησαν σε θανάτους… ,2021,08,03
2021-08-03 12:34:00,Πόσο νόμιμη είναι η μεταγωγή του Δ. Κουφοντίνα από τις αγροτικές φυλακές τελικά;,https://www.documentonews.gr/article/koyrelo-xarto-to-kratos-dikaioy/, Μία προς μία οι παρατυπίες της γενικής γραμματέα Αντεγκληματικής Πολιτικής… ,2021,08,03
2021-07-03 10:24:00,Ο Κουφοντίνας ως εργαλείο της Δεξιάς,https://www.documentonews.gr/article/o-koyfontinas-ws-ergaleio-ths-dexias/, Η ΝΔ παραμένει συνεπής στις πρακτικές των παραδοσιακών κομμάτων της… ,2021,07,03
2021-07-03 09:57:00,Σε συλλήψεις μετατράπηκαν επτά από τις 29 προσαγωγές στη χτεσινή συγκέντρωση για τον Κουφοντίνα,https://www.documentonews.gr/article/se-syllhpseis-metatraphkan-epta-apo-tis-29-prosagwges-sth-xtesinh-sygkentrwsh-gia-ton-koyfontina/, Σε συλλήψεις μετατράπηκαν επτά από τις 29 προσαγωγές που έγιναν… ,2021,07,03
2021-06-03 13:58:00,Οι παραφυάδες του κακού,https://www.documentonews.gr/article/oi-parafyades-toy-kakoy/, Η είδηση είναι ότι ο δήμαρχος Κόνιτσας θέλει να επανατοποθετήσει… ,2021,06,03
2021-06-03 12:00:00,Μήπως ο Χρυσοχοΐδης έφτιαξε νέα ειδική ομάδα της ΕΛΑΣ που… αρπάζει πανό; (Photos/Video),https://www.documentonews.gr/article/mhpws-o-xrysoxoidhs-eftiaxe-nea-eidikh-omada-ths-elas-poy-arpazei-pano-photosvideo/, Σοβαρά ερωτηματικά προκαλεί πέρα από όλα τα άλλα “ανδραγαθήματα” καταστολής… ,2021,06,03
2021-06-03 11:34:00,"Δεκάδες προσαγωγές, ανάμεσά τους και ο Έκτορας Κουφοντίνας (Photos/Video)",https://www.documentonews.gr/article/dekades-prosagwges-anamesa-toys-kai-o-ektoras-koyfontinas-photosvideo/, Oι αστυνομικοί του Μιχάλη Χρυσοχοΐδη και της κυβέρνηση Μητσοτάκη έπαιξαν… ,2021,06,03
2021-06-03 09:15:00,Κουφοντίνας: Nέα διαδήλωση-απάντηση σήμερα στην κυβερνητική κρατική τρομοκρατία,https://www.documentonews.gr/article/koyfontinas-nea-diadhlwsh-apanthsh-shmera-sthn-kybernhtikh-kratikh-tromokratia/, Νέα συγκέντρωση καλείται σήμερα Σάββατο στις 12 το μεσημέρι στο… ,2021,06,03
2021-05-03 21:09:00,Άγρια καταστολή στη διαδήλωση για Κουφοντίνα – Επίθεση των ΜΑΤ με κρότου λάμψης και αύρες,https://www.documentonews.gr/article/poreia-gia-koyfontina-agria-katastolh-ths-astynomias-stoys-diadhlwtes-me-krotoy-lampshs-kai-ayres/, Με άγρια καταστολή αντιμετώπισε η αστυνομία τους συγκεντρωμένους που βρέθηκαν… ,2021,05,03
2021-05-03 17:05:00,Nα απορριφθεί η προσφυγή Κουφοντίνα εισηγείται η εισαγγελέας στο Δικαστικό Συμβούλιο Λαμίας,https://www.documentonews.gr/article/na-aporrifthei-h-prosfygh-koyfontina-eishgeitai-h-eisaggeleas-sto-dikastiko-symboylio-lamias/, Nα απορριφθεί ως «νόμω αβάσιμη» η προσφυγή του απεργού πείνας… ,2021,05,03
2021-05-03 17:04:00,Γιατροί Κουφοντίνα: Εξαιρετικά κρίσιμη η κατάσταση της υγείας του,https://www.documentonews.gr/article/oi-giatroi-emfanizoyn-exairetika-krisimh-thn-katastash-ygeias-toy-koyfontina/, Εξαιρετικά κρίσιμη χαρακτηρίζουν την κατάσταση της υγείας του Δ. Κουφοντίνα… ,2021,05,03
2021-05-03 14:06:00,Νοσοκομείο Λαμίας: Εμφάνισε οξεία νεφρική ανεπάρκεια ο Κουφοντίνας,https://www.documentonews.gr/article/nosokomeio-lamias-emfanise-oxeia-nefrikh-aneparkeia-o-koyfontinas/, Ραγδαία είναι η επιδείνωση της υγείας του Δημήτρη Κουφοντίνα καθώς… ,2021,05,03
2021-05-03 11:36:00,Υπόθεση Κουφοντίνα: Η ηγεσία του Αρείου Πάγου «βλέπει» το θέμα στεγνά… θεσμικά,https://www.documentonews.gr/article/ypothesh-koyfontina-h-hgesia-toy-areioy-pagoy-blepei-to-thema-stegna-thesmika/, Την ώρα που στην χώρα μας ένας απεργός πείνας είναι… ,2021,05,03
2021-05-03 11:13:00,Γιατρός Κουφοντίνα στο documentonews.gr: «Θέμα ωρών ο αιφνίδιος θάνατος ή το κώμα»,https://www.documentonews.gr/article/giatros-koyfontina-sto-documentonewsgr-oema-wrwn-o-aifnidios-thanatos-h-to-kwma/, Με τη νεφρική ανεπάρκεια είναι πια αντιμέτωπος ο Δημήτρης Κουφοντίνας… ,2021,05,03
2021-05-03 10:44:00,Υπόθεση Κουφοντίνα: Άμεσος ο κίνδυνος για νεφρική ανεπάρκεια – Σταμάτησαν να δουλεύουν τα νεφρά του,https://www.documentonews.gr/article/ypothesh-koyfontina-amesos-o-kindynos-gia-nefrikh-aneparkeia-stamathsan-na-doyleyoyn-ta-nefra-toy/, Σύμφωνα με ενημέρωση των γιατρών του Νοσοκομείου Λαμίας από το… ,2021,05,03
2021-05-03 09:51:00,Ένωση Δικαστών και Εισαγγελέων: Επτά Αρεοπαγίτες υπέρ της ανακοίνωσης για Κουφοντίνα,https://www.documentonews.gr/article/enwsh-dikastwn-kai-eisaggelewn-epta-areopagites-yper-ths-anakoinwshs-gia-koyfontina/, Συνεχίζονται οι ανακοινώσεις μελών της Ένωσης Δικαστών και Εισαγγελέων αναφορικά… ,2021,05,03
2021-05-03 07:49:00,Εξετάζεται το αίτημα του Δημήτρη Κουφοντίνα για τη μεταγωγή του στον Κορυδαλλό,https://www.documentonews.gr/article/exetazetai-to-aithma-toy-dhmhtrh-koyfontina-gia-th-metagwgh-toy-ston-korydallo/, Σήμερα Παρασκευή αναμένεται να αποφασίσει το Συμβούλιο Πλημμελειοδικών Λαμίας για… ,2021,05,03
2021-05-03 07:41:00,Υπόθεση Κουφοντίνα: Απορρίφθηκε το αίτημα για διακοπή εκτέλεσης της ποινής του,https://www.documentonews.gr/article/ypothesh-koyfontina-aporrifthhke-to-aithma-gia-anabolh-ekteleshs-ths-poinhs-toy/, Απορρίφθηκε ομόφωνα το αίτημα για διακοπή εκτέλεσης της ποινής του… ,2021,05,03
2021-04-03 19:17:00,Νέες κινητοποιήσεις αλληλεγγύης για τον Δημήτρη Κουφοντίνα,https://www.documentonews.gr/article/nees-kinhtopoihseis-allhleggyhs-gia-ton-dhmhtrh-koyfontina/, Για τέταρτη συνεχόμενη ημέρα κατέκλυσαν τους δρόμους της Αθήνας διαδηλωτές… ,2021,04,03
2021-04-03 18:24:00,"Εφέτης Βόκας για Κουφοντίνα: Ένα μικρό βήμα πίσω της Πολιτείας για χάρη της ανθρώπινης ζωής, ένα μεγάλο βήμα μπροστά για τη Δημοκρατία",https://www.documentonews.gr/article/efeths-bokas-gia-koyfontina-ena-mikro-bhma-pisw-ths-politeias-gia-xarh-ths-anthrwpinhs-zwhs-ena-megalo-bhma-mprosta-gia-th-dhmokratia/, Θέση για την ένταση που έχει ξεσπάσει στους κόλπους της… ,2021,04,03
2021-04-03 17:27:00,Δ. Κουφοντίνας: Συνεχίζω την απεργία πείνας μέχρι να ακυρωθεί η παράνομη μεταγωγή μου στον Δομοκό,https://www.documentonews.gr/article/d-koyfontinas-synexizw-thn-apergia-peinas-mexri-na-akyrwthei-h-paranomh-metagwgh-moy-ston-domoko/, «Συνεχίζω την απεργία πείνας μέχρι να ακυρωθεί η παράνομη μεταγωγή… ,2021,04,03
2021-04-03 16:31:00,Μετρό: Κλειστοί πέντε σταθμοί με εντολή της ΕΛ.ΑΣ,https://www.documentonews.gr/article/metro-kleistoi-pente-stathmoi-me-entolh-ths-elas/, Κλειστοί είναι αυτή την ώρα πολλοί σταθμοί του μετρό στο… ,2021,04,03
2021-04-03 16:12:00,Υπόθεση Κουφοντίνα: Η διοίκηση του νοσοκομείου Λαμίας αρνείται στους γιατρούς του να τον επισκεφτούν,https://www.documentonews.gr/article/ypothesh-koyfontina-h-dioikhsh-toy-nosokomeioy-lamias-arneitai-stoys-giatroys-toy-na-ton-episkeftoyn/, Η διοίκηση του νοσοκομείου Λαμίας όπου και νοσηλεύεται ο απεργός… ,2021,04,03
2021-04-03 15:14:00,Γιατρός για Κουφοντίνα: Σε οριακό σημείο οι ζωτικές του λειτουργίες,https://www.documentonews.gr/article/giatros-gia-koyfontina-se-oriako-shmeio-oi-zwtikes-toy-leitoyrgies/, Σε οριακό σημείο είναι οι ζωτικές λειτουργίες του Δημήτρη Κουφοντίνα… ,2021,04,03
2021-04-03 11:20:00,Γιατί ο Κουφοντίνας ζητεί «αναβολή της ποινής του» – Το σκεπτικό,https://www.documentonews.gr/article/giati-o-koyfontinas-zhtei-anabolh-ths-poinhs-toy-to-skeptiko/, Αναβολή της ποινής του έως ότου αποκατασταθεί η κατάσταση της… ,2021,04,03
2021-04-03 10:56:00,Ένωση Δικαστών και Εισαγγελέων: Για «σκοπιμότητες της μειοψηφίας» κάνει ο λόγο ο Χαράλαμπος Σεβαστίδης,https://www.documentonews.gr/article/enwsh-dikastwn-kai-eisaggelewn-gia-skopimothtes-ths-meiopshfias-kanei-o-logo-o-xaralampos-sebastidhs/, Στην αντεπίθεση περνά η πλευρά του προεδρείου της Ένωσης Δικαστών… ,2021,04,03
2021-04-03 08:53:00,Κωφίδης: Ο θάνατος του Κουφοντίνα θα ήταν ξεκαθάρισμα από την κυβέρνηση,https://www.documentonews.gr/article/kwfidhs-o-thanatos-toy-koyfontina-einai-xekatharisma-apo-thn-kybernhsh/, Ο παλαίμαχος ποδοσφαιριστής Σάββας Κωφίδης έκανε παρέμβαση αναφορικά με την… ,2021,04,03
2021-04-03 07:55:00,Στο Τριμελές Πλημμελειοδικείο Λαμίας το αίτημα Κουφοντίνα για διακοπή της ποινής,https://www.documentonews.gr/article/sto-trimeles-plhmmeleiodikeio-lamias-to-aithma-koyfontina-gia-diakoph-ths-poinhs/, Συζητείται σήμερα στο τριμελές Πλημμελειοδικείο Λαμίας με τη διαδικασία του… ,2021,04,03
2021-03-03 19:04:00,Νέες δυναμικές κινητοποιήσεις αλληλεγγύης στον Δημήτρη Κουφοντίνα,https://www.documentonews.gr/article/nees-dynamikes-kinhtopoihseis-allhleggyhs-ston-dhmhtrh-koyfontina/," Διαδηλωτές από οργανώσεις, φοιτητικούς συλλόγους, πρωτοβουλίες δικηγόρων και καλλιτεχνών βρέθηκαν… ",2021,03,03
2021-03-03 17:15:00,Καθήγητρια της ΑΣΚΤ ξεκίνησε απεργία πείνας για συμπαράσταση στον Κουφοντίνα,https://www.documentonews.gr/article/kathhghtria-ths-askt-xekinhse-apergia-peinas-gia-symparastash-ston-koyfontina/," Η Γεωργία Σάγρη, αναπληρώτρια καθηγήτρια της Ανωτάτης Σχολής Καλών Τεχνών… ",2021,03,03
2021-03-03 15:23:00,Επιτροπή αγώνα δικηγόρων: Η άρνηση ικανοποίησης του αιτήματος Κουφοντίνα αναδεικνύει την ύπαρξη πολιτικής απόφασης για τη θανάτωσή του,https://www.documentonews.gr/article/epitroph-agwna-dikhgorwn-h-arnhsh-ikanopoihshs-toy-aithmatos-koyfontina-anadeiknyei-thn-yparxh-politikhs-apofashs-gia-th-thanatwsh-toy/, Επιτροπή αγώνα δικηγόρων δημιούργησαν νομικοί που συγκεντρώθηκαν σήμερα Τετάρτη στον… ,2021,03,03
2021-03-03 13:56:00,Πετράκος: Να αποτρέψουμε τη προβοκάτσια σε βάρος της δημοκρατίας,https://www.documentonews.gr/article/petrakos-na-apotrepsoyme-th-probokatsia-se-baros-ths-dhmokratias/, Μετά από τα όσα έγραψε στον προσωπικό του λογαριασμό στο… ,2021,03,03
2021-03-03 13:54:00,Νέο κάλεσμα σε διαμαρτυρία για τον Δημήτρη Κουφοντίνα,https://www.documentonews.gr/article/neo-kalesma-se-diamartyria-gia-ton-dhmhtrh-koyfontina/, Ακόμη μια δυναμική κινητοποίηση για τον αγώνα που κάνει ο… ,2021,03,03
2021-03-03 08:35:00,Υπόθεση Κουφοντίνα: Αίτημα αναβολής έκτισης ποινής από Κούρτοβικ και Σοφό,https://www.documentonews.gr/article/ypothesh-koyfontina-aithma-anabolhs-ektishs-poinhs-apo-koyrtobik-kai-sofo/, Αίτημα αναβολής έκτισης ποινής του Δημήτρη Κουφοντίνα εξαιτίας κινδύνου θανάτου… ,2021,03,03
2021-02-03 18:58:00,Νέα μεγάλη συγκέντρωση για τον Δημήτρη Κουφοντίνα στο Σύνταγμα (Photos),https://www.documentonews.gr/article/nea-megalh-sygkentrwsh-gia-ton-dhmhtrh-koyfontina-sto-syntagma-photos/, Πλήθος κόσμου μετέβη ξανά στην πλατεία Συντάγματος για να δείξει… ,2021,02,03
2021-02-03 16:12:00,ΚΚΕ: Το μπαράζ λογοκρισίας διαψεύδει τις μεγαλοστομίες περί «ελευθερίας των social media»,https://www.documentonews.gr/article/kke-to-mparaz-logokrisias-diapseydei-tis-megalostomies-peri-eleytherias-twn-social-media/," «Τα τελευταία 24ωρα, με επίκεντρο την απεργία πείνας του Δ.… ",2021,02,03
2021-02-03 15:48:00,«Μύλος» στην Ένωση Δικαστών και Εισαγγελέων για το θέμα Κουφοντίνα,https://www.documentonews.gr/article/mylos-sthn-enwsh-dikastwn-kai-eisaggelewn-gia-to-thema-koyfontina/, Συνεχίζονται οι αντιδράσεις στους κόλπους της Ένωσης Δικαστών και Εισαγγελέων… ,2021,02,03
2021-02-03 15:35:00,Υπόθεση Κουφοντίνα: Τα έγγραφα που αποδεικνύουν τα ψέματα της Σοφίας Νικολάου,https://www.documentonews.gr/article/ypothesh-koyfontina-ta-eggrafa-poy-apodeiknyoyn-ta-psemata-ths-sofias-nikolaoy/, Τα έγγραφα τα οποία επικαλείται η Γενική Γραμματέας Αντεγκληματικής Πολιτικής… ,2021,02,03
2021-02-03 14:52:00,Το Instagram λογοκρίνει ανάρτηση του Documento για τον Κουφοντίνα,https://www.documentonews.gr/article/to-instagram-logokrinei-anarthsh-toy-documento-gia-ton-koyfontina/, Νωρίς σήμερα το πρωί αναρτήθηκε στην επίσημη σελίδα του Documento… ,2021,02,03
2021-02-03 14:40:00,Η άθλια δήλωση Μπαλάσκα για το «σκήνωμα» του Κουφοντίνα (Video),https://www.documentonews.gr/article/h-athlia-dhlwsh-mpalaska-gia-to-skhnwma-toy-koyfontina-video/, Κάθε σεβασμό στην ανθρώπινη ύπαρξη και στα ανθρώπινα δικαιώματα καταπάτησε… ,2021,02,03
2021-02-03 13:17:00,Νέα επίθεση των «δεξιών» της ΝΔ στον Μητσοτάκη για την υπόθεση Κουφοντίνα,https://www.documentonews.gr/article/nea-epithesh-twn-dexiwn-ths-nd-ston-mhtsotakh-gia-thn-ypothesh-koyfontina/, Με ευθεία επίθεση στον Κυριάκο Μητσοτάκη συνεχίζει η «δεξιά» πτέρυγα… ,2021,02,03
2021-02-03 10:43:00,«Τουρλού» Πρετεντέρη και «είναι όλοι ίδιοι»,https://www.documentonews.gr/article/toyrloy-pretenterh-kai-einai-oloi-idioi/, Ισοπεδωτικός και με παρωπίδες για να στηρίξει για άλλη μία… ,2021,02,03
2021-02-03 09:12:00,Liberation: Θα γίνει η Ελλάδα η πρώτη χώρα της Ε.Ε. με νεκρό από απεργία πείνας;,https://www.documentonews.gr/article/liberation-oa-ginei-h-ellada-h-prwth-xwra-ths-ee-me-nekro-apo-apergia-peinas/, Το ερώτημα εάν η Ελλάδα θα γίνει η πρώτη χώρα… ,2021,02,03
2021-02-03 07:54:00,Κούρτοβικ: Ένα βήμα πριν το κώμα ο Κουφοντίνας – Ψεύδεται η Νικολάου,https://www.documentonews.gr/article/koyrtobik-ena-bhma-prin-to-kwma-o-koyfontinas-pseydetai-h-nikolaoy/," «Ο Δημήτρης Κουφοντίνας είναι λίγο πριν το κώμα, βρίσκεται στα… ",2021,02,03
2021-02-03 06:00:00,Κυβέρνηση σε ρόλο δήμιου και συκοφάντη,https://www.documentonews.gr/article/bernhsh-se-rolo-dhmioy-kai-sykofanth/, Οδηγούν στη «θανατική ποινή» τον ισοβίτη Δημήτρη Κουφοντίνα και συκοφαντούν… ,2021,02,03
2021-01-03 20:26:00,Καταπέλτης κατά Νικολάου η Κούρτοβικ: Ψεύδεται ακόμα μία φορά,https://www.documentonews.gr/article/katapelths-kata-nikolaoy-h-koyrtobik-pseydetai-akoma-mia-fora/," Η συνήγορος του Δημήτρη Κουφοντίνα, Ιωάννα Κούρτοβικ, απαντά στη Σοφία… ",2021,01,03
2021-01-03 19:28:00,Νέες συγκεντρώσεις αλληλεγγύης στον Δημήτρη Κουφοντίνα σε Αθήνα και Θεσσαλονίκη,https://www.documentonews.gr/article/nees-sygkentrwseis-allhleggyhs-ston-dhmhtrh-koyfontina-se-athhna-kai-oessalonikh/," Nέα συγκέντρωση αλληλεγγύης στον απεργό πείνας και δίψας, Δημήτρη Κουφοντίνα… ",2021,01,03
2021-01-03 17:07:00,Λάσπη από το συγκρότημα Μαρινάκη στον Κουφοντίνα,https://www.documentonews.gr/article/lasph-apo-to-sygkrothma-marinakh-ston-koyfontina/, Σε μία προσπάθεια αποδόμησης του αιτήματος του Δημήτρη Κουφοντίνα επιδόθηκε… ,2021,01,03
2021-01-03 15:03:00,Κλειστός ο σταθμός μετρό «ΣΥΝΤΑΓΜΑ»,https://www.documentonews.gr/article/kleistos-o-stathmos-metro-syntagma/, Με εντολή της Ελληνικής Αστυνομίας έκλεισε ο σταθμός του Μετρό… ,2021,01,03
2021-01-03 14:30:00,Κυβέρνηση σε ρόλο δήμιου και συκοφάντη,https://www.documentonews.gr/article/kybernhsh-se-rolo-dhmioy-kai-sykofanth/, Οδηγούν στη «θανατική ποινή» τον ισοβίτη Δημήτρη Κουφοντίνα και συκοφαντούν… ,2021,01,03
2021-01-03 11:44:00,Διαμαρτυρία 41 δικαστών για την ανακοίνωση της Ένωσης Δικαστών και Εισαγγελέων για Κουφοντίνα,https://www.documentonews.gr/article/diamartyria-41-dikastwn-gia-thn-anakoinwsh-ths-enwshs-dikastwn-kai-eisaggelewn-gia-koyfontina/, Στη γραμμή Ντογιάκου τάσσονται 41 δικαστές σε ότι αφορά την… ,2021,01,03
2021-01-03 10:30:00,Ντογιάκος: Παραιτήθηκε από την Ένωση Δικαστών και Εισαγγελέων αλλά δεν ήταν μέλος της,https://www.documentonews.gr/article/ntogiakos-paraiththhke-apo-thn-enwsh-dikastwn-kai-eisaggelewn-alla-den-htan-melos/," Πριν από λίγες μέρες ο αντεισαγγελέας του Αρείου Πάγου, Ισίδωρος… ",2021,01,03
2021-01-03 07:52:00,Συνδικαλιστής Αστυνομίας: Να μην αφήσουν τον Κουφοντίνα να πεθάνει,https://www.documentonews.gr/article/syndikalisths-astynomias-na-mhn-afhsoyn-ton-koyfontina-na-pethanei/, Έκκληση να μην αφεθεί ο Δημήτρης Κουφοντίνας να πεθάνει απηύθυνε… ,2021,01,03
2021-01-03 07:19:00,Η Σοφία Νικολάου απαντά στην Ιωάννα Κούρτοβικ για τον Κουφοντίνα με επιχειρήματα που δεν πείθουν κανέναν,https://www.documentonews.gr/article/h-sofia-nikolaoy-apanta-sthn-iwanna-koyrtobik-gia-ton-koyfontina-me-epixeirhmata-poy-den-peithoyn-kanenan/," Απαντήσεις σε όσα ανέφερε η συνήγορος του Δημήτρη Κουφοντίνα, Ιωάννα… ",2021,01,03
2021-02-28 20:59:00,Νέα συγκέντρωση τη Δευτέρα για Κουφοντίνα: Την ύστατη ώρα να υποχωρήσει η κυβέρνηση!,https://www.documentonews.gr/article/nea-sygkentrwsh-th-deytera-gia-koyfontina-thn-ystath-wra-na-ypoxwrhsei-h-kybernhsh/, Αριστερές οργανώσεις και συλλογικότητες καλούν την Δευτέρα 1η Μαρτίου σε… ,2021,02,28
2021-02-28 19:43:00,"Καμπαγιάννης προς Άδωνη: «Ψηφίσατε φωτογραφικό νόμο για τον Κουφοντίνα, όχι για τον Μιχαλολιάκο»!",https://www.documentonews.gr/article/kampagiannhs-pros-adwnh-pshfisate-fwtografiko-nomo-gia-ton-koyfontina-oxi-gia-ton-mixaloliako/," «Κύριε Γεωργιάδη, ψηφίσατε φωτογραφικό νόμο για τον Κουφοντίνα, όχι για… ",2021,02,28
2021-02-28 18:43:00,Τζαβάρας «κόντρα» στο κόμμα του: «Αδιανόητο να έχουμε νεκρό απεργό πείνας στη χώρα μας»,https://www.documentonews.gr/article/tzabaras-kontra-sto-komma-toy-adianohto-na-exoyme-nekro-apergo-peinas-sth-xwra-mas/, Σε εντελώς άλλο μήκος κύματος από την κυβερνητική γραμμή κινήθηκε… ,2021,02,28
2021-02-28 18:36:00,Υπόθεση Κουφοντίνα: Από το Κράτος Δικαίου στο Κράτος του Φόβου,https://www.documentonews.gr/article/ypothesh-koyfontina-apo-to-kratos-dikaioy-sto-kratos-toy-foboy/," H τρομοκρατία δεν νομιμοποιείται στα δημοκρατικά πολιτεύματα. Οι τρομοκρατικές πράξεις,… ",2021,02,28
2021-02-28 18:27:00,"Κούρτοβικ: Η κυβερνητική άποψη του «έτσι θέλω, έτσι κάνω» νομιμοποιεί τη βαρβαρότητα μιας θανατικής ποινής;",https://www.documentonews.gr/article/koyrtobik-h-kybernhtikh-apopsh-toy-etsi-thelw-etsi-kanw-nomimopoiei-th-barbarothta-mias-thanatikhs-poinhs/, Σε μια ανακοίνωση-κόλαφο κατά της κυβέρνησης και των επιλογών της… ,2021,02,28
2021-02-28 18:26:00,Ρούπα-Μαζιώτης: Εντολή εκτέλεσης Κουφοντίνα από την κυβέρνηση,https://www.documentonews.gr/article/roypa-maziwths-entolh-ekteleshs-koyfontina-apo-thn-kybernhsh/, Τα μέλη του Επαναστατικού Αγώνα Πόλα Ρούπα – Φυλακές Ελαιώνα Θήβας… ,2021,02,28
2021-02-28 18:05:00,Συντονισμένη επίθεση μειοψηφίας κατά προέδρου Δικαστών και Εισαγγελέων για Κουφοντίνα,https://www.documentonews.gr/article/syntonismenh-epithesh-meiopshfias-kata-proedroy-dikastwn-kai-eisaggelewn-gia-koyfontina/, Ο πρώην γενικός γραμματέας της Ένωσης Δικαστών και Εισαγγελέων (ΕΔΕ)… ,2021,02,28
2021-02-28 14:53:00,Νοσοκομειακοί γιατροί: Η κυβέρνηση να σεβαστεί το αίτημα Κουφοντίνα για δίκαιη μεταχείριση,https://www.documentonews.gr/article/nosokomeiakoi-giatroi-h-kybernhsh-na-sebastei-to-aithma-koyfontina-gia-dikaih-metaxeirish/, «Καλούμε την κυβέρνηση να σεβαστεί το αίτημά του Δημήτρη Κουφοντίνα… ,2021,02,28
2021-02-28 14:42:00,«Βαριά» προειδοποίηση διευθυντή «Βήματος» στην κυβέρνηση για Κουφοντίνα,https://www.documentonews.gr/article/baria-proeidopoihsh-dieythynth-bhmatos-sthn-kybernhsh-gia-koyfontina/," Εικοσι χρόνια μετά την αποκάλυψη της 17 Νοέμβρη, θα είναι… ",2021,02,28
2021-02-28 13:56:00,Ομάδα Νομικής Βοήθειας για Δημ. Κουφοντίνα: Να μην περάσουμε σε νέα ζοφερή εποχή,https://www.documentonews.gr/article/omada-nomikhs-bohtheias-gia-dhm-koyfontina-na-mhn-perasoyme-se-nea-zoferh-epoxh/, Ο θάνατος του Δημήτρη Κουφοντίνα θα αποτελέσει μια αποτυχία όλων… ,2021,02,28
2021-02-28 12:58:00,Πολάκης: Η κοινωνία βράζει και το καπάκι δεν θα το σκεπάσετε με τον Κουφοντίνα,https://www.documentonews.gr/article/polakhs-h-koinwnia-brazei-kai-to-kapaki-den-tha-to-skepasete-me-ton-koyfontina/," Το λιανεμπόριο καταστρέφεται, και η κυβέρνηση αρπάζει την περιουσία των… ",2021,02,28
2021-02-28 12:16:00,Άρης Σπηλιωτόπουλος για Κουφοντίνα: Η εκδίκηση δεν έχει θέση στον πολιτισμό μας,https://www.documentonews.gr/article/arhs-sphliwtopoylos-gia-koyfontina-h-ekdikhsh-den-exei-thesh-ston-politismo-mas/, Με παρέμβαση του στο Twitter ο πρώην υπουργός της ΝΔ… ,2021,02,28
2021-02-28 11:49:00,"Στ. Τζουμάκας: Ιστορικό κείμενο, η δήλωση του εφέτη Χριστόφορου Σεβαστίδη ως απάντηση σε κυβερνητικούς δικαστές",https://www.documentonews.gr/article/st-tzoymakas-istoriko-keimeno-h-dhlwsh-toy-efeth-xristoforoy-sebastidh-ws-apanthsh-se-kybernhtikoys-dikastes/," Ο Στέφανος Τζουμάκας, στέλεχος της Προοδευτικής Συμμαχίας, χαρακτηρίζει μάθημα συνταγματικού… ",2021,02,28
2021-02-28 11:23:00,Η κυβέρνηση κοροϊδεύει τη Δικαιοσύνη και την κοινωνία για τον Δημ. Κουφοντίνα,https://www.documentonews.gr/article/h-kybernhsh-koroideyei-th-dikaiosynh-kai-thn-koinwnia-gia-ton-dhm-koyfontina/, H Nέα Δημοκρατία επικαλείται συνεχώς το νόμο και το δίκαιο… ,2021,02,28
2021-02-28 10:55:00,Πατέρας Γρηγόρη Δημητριάδη: Έχουν σχεδιάσει την εξόντωση Κουφοντίνα,https://www.documentonews.gr/article/pateras-grhgorh-dhmhtriadh-exoyn-sxediasei-thn-exontwsh-koyfontina/," Με νέα του παρέμβαση ο δικηγόρος Σπύρος Δημητριάδης, πατέρας του… ",2021,02,28
2021-02-28 10:48:00,"Έκκληση από τον πατέρα του Γρηγ. Δημητριάδη, να σωθεί ο Δημ. Κουφοντίνας",https://www.documentonews.gr/article/ekklhsh-apo-ton-patera-toy-grhg-dhmhtriadh-na-swthei-o-dhm-koyfontinas/, Aκόμα και ο πατέρας του στενού συνεργάτη του πρωθυπουργού Γρηγόρη… ,2021,02,28
2021-02-28 09:23:00,KKE: Η κυβέρνηση κάνει επίδειξη δύναμης με τη ζωή του Δημ. Κουφοντίνα,https://www.documentonews.gr/article/kke-h-kybernhsh-kanei-epideixh-dynamhs-me-th-zwh-toy-dhm-koyfontina/, Με ανακοίνωση του Γραφείου Τύπου του ΚΚΕ καταγγέλλει τη στάση… ,2021,02,28
2021-02-28 08:55:00,Ανακοίνωση συγγενών θυμάτων της τρομοκρατίας για την υπόθεση Κουφοντίνα,https://www.documentonews.gr/article/anakoinwsh-syggenwn-thymatwn-ths-tromokratias-gia-thn-ypothesh-koyfontina/, Ομάδα συγγενών των θυμάτων της τρομοκρατίας εξέδωσε την παρακάτω ανακοίνωση:… ,2021,02,28
2021-02-28 08:05:00,Ανορθόγραφη θανατική καταδίκη του Δημ. Κουφοντίνα από την κυβέρνηση Μητσοτάκη,https://www.documentonews.gr/article/anorthografh-thanatikh-katadikh-toy-dhm-koyfontina-apo-thn-kybernhsh-mhtsotakh/, Με μια ανακοίνωση γραμμένη «στο πόδι» που περιέχει 11 ορθογραφικά… ,2021,02,28
2021-02-28 07:08:00,Ραγκούσης για Κουφοντίνα: Η κυβέρνηση αυτοεγκλωβίστηκε στο δόγμα «τρόμος και πάταξη»,https://www.documentonews.gr/article/ragkoyshs-gia-koyfontina-h-kybernhsh-aytoegklwbisthke-sto-dogma-tromos-kai-pataxh/, Σε συνέντευξη του στην Εφημερίδα των Συντακτών και στο δημοσιογράφο… ,2021,02,28
2021-02-27 21:08:00,Διαμαρτυρία έξω από το νοσοκομείο Λαμίας υπέρ του Δημήτρη Κουφοντίνα – προσαγωγές από την Αστυνομία (video),https://www.documentonews.gr/article/diamartyria-exw-apo-to-nosokomeio-lamias-yper-toy-dhmhtrh-koyfontina-prosagwges-apo-thn-astynomia-video/, Συναγερμός σήμανε στην Αστυνομική Διεύθυνση Φθιώτιδας όταν ενημερώθηκαν ότι περίπου… ,2021,02,27
2021-02-27 19:42:00,Αλέξης Τσίπρας: Έκκληση στην κυβέρνηση να σώσει τον Δημ. Κουφοντίνα,https://www.documentonews.gr/article/alexhs-tsipras-ekklhsh-sthn-kybernhsh-na-swsei-ton-dhm-koyfontina/, Με ανάρτηση του στο Facebook o πρόεδρος του ΣΥΡΙΖΑ Αλέξης… ,2021,02,27
2021-02-27 18:22:00,Σάββας Ξηρός: Ο ενδεχόμενος θάνατος του Δημήτρη Κουφοντίνα δεν πρόκειται να αφήσει αλώβητο κανέναν,https://www.documentonews.gr/article/sabbas-xhros-o-endexomenos-thanatos-toy-dhmhtrh-koyfontina-den-prokeitai-na-afhsei-alwbhto-kanenan/," Ο Σάββας Ξηρός, με δήλωση που παραχώρησε στο tetartopress.gr και… ",2021,02,27
2021-02-27 17:58:00,Δικηγορικός Σύλλογος Πειραιά: Η πολιτεία να εφαρμόσει το νόμο για τον Δημ. Κουφοντίνα,https://www.documentonews.gr/article/dikhgorikos-syllogos-peiraia-h-politeia-na-efarmosei-to-nomo-gia-ton-dhm-koyfontina/, Σε ψήφισμα του το ΔΣ του Δικηγορικού Συλλόγου Πειραιώς ζητά… ,2021,02,27
2021-02-27 15:04:00,ΣΥΡΙΖΑ Πειραιά: Να παρέμβει η Πρόεδρος της Δημοκρατίας για να σωθεί ο Δημ. Κουφοντίνας,https://www.documentonews.gr/article/syriza-peiraia-na-parembei-h-proedros-ths-dhmokratias-gia-na-swthei-o-dhm-koyfontinas/, Με ομόφωνο ψήφισμα τους τα μέλη της Νομαρχιακής Συνδιάσκεψης Πειραιά… ,2021,02,27
2021-02-27 14:50:00,Νοσοκομείο Λαμίας: Σοβαρή επιδείνωση της υγείας του Δημήτρη Κουφοντίνα,https://www.documentonews.gr/article/nosokomeio-lamias-sobarh-epideinwsh-ths-ygeias-toy-dhmhtrh-koyfontina/, Το νοσοκομείο Λαμίας με ανακοίνωση του που υπογράφει ο διοικητής… ,2021,02,27
2021-02-27 13:31:00,Διονύσης Τεμπονέρας: Θυμίζει σε Μητσοτάκη-Μπακογιάνη πώς η οικογένειά του αντιμετώπισε τον φονιά Καλαμπόκα,https://www.documentonews.gr/article/dionyshs-temponeras-oymizei-se-mhtsotakh-mpakogianh-pws-h-oikogeneia-toy-antimetwpise-ton-fonia-kalampoka/," Συγκλονίζει η ανάρτηση του Διονύση Τεμπονέρα, γιου του Νίκου Τεμπονέρα,… ",2021,02,27
2021-02-27 12:24:00,"Δεν στηρίζουμε τον Κουφοντίνα, αλλά τη Δημοκρατία και το Κράτος Δικαίου",https://www.documentonews.gr/article/den-sthrizoyme-ton-koyfontina-alla-th-dhmokratia-kai-to-kratos-dikaioy/," Η κρισιμότητα των στιγμών δεν αφήνει περιθώρια για πολλούς προλόγους,… ",2021,02,27
2021-02-27 11:52:00,1000mods στο documentonews.gr: Η αστική δημοκρατία σας ζέχνει,https://www.documentonews.gr/article/1000mods-sto-documentonewsgr-h-astikh-dhmokratia-sas-zexnei/,  Δήλωση στο documentonews.gr έκαναν οι 1000mods με αφορμή το θέμα… ,2021,02,27
2021-02-27 11:29:00,Μεγάλη διαδήλωση για Κουφοντίνα: «Οι ζωές των κρατουμένων μετράνε» (Photos+Video),https://www.documentonews.gr/article/megalh-diadhlwsh-gia-koyfontina-oi-zwes-twn-kratoymenwn-metrane-photosvideo/," Νέα συγκέντρωση και μεγάλη διαδήλωση σήμερα στο Σύνταγμα, μετά από… ",2021,02,27
2021-02-27 09:36:00,«Κόλαφος» προέδρου Δικαστών-Εισαγγελέων κατά μειοψηφίας: «Ο Μεσαίωνας δεν ξεριζώθηκε ακόμη»,https://www.documentonews.gr/article/kolafos-proedroy-dikastwn-eisaggelewn-kata-meiopshfias-o-mesaiwnas-den-xerizwthhke-akomh/, Τη δική του απάντηση σε συναδέλφους του μέλη της Ένωσης… ,2021,02,27
2021-02-27 08:28:00,Επίσημη απάντηση για «κατέβασμα» αναρτήσεων για Κουφοντίνα: «Τρομοκράτες και οργανώσεις μίσους δεν έχουν θέση στο Facebook»!,https://www.documentonews.gr/article/epishmh-apanthsh-gia-katebasma-anarthsewn-gia-koyfontina-tromokrates-kai-organwseis-misoys-den-exoyn-thesh-sto-facebook/," «Οι τρομοκράτες, οι βίαιες εξτρεμιστικές ομάδες και οι οργανώσεις μίσους… ",2021,02,27
2021-02-26 19:18:00,Αρνείται την ιατρική ανάνηψη ο Δημήτρης Κουφοντίνας – Διέκοψε την αντιβίωση,https://www.documentonews.gr/article/arneitai-thn-iatrikh-ananhpsh-o-dhmhtrhs-koyfontinas-diekopse-thn-antibiwsh/, Ο Δημήτρης Κουφοντίνας ο οποίος διανύει την 50η ημέρα απεργίας… ,2021,02,26
2021-02-26 18:31:00,"Κουφοντίνας: Εξώδικο Κούρτοβικ προς τα κανάλια – «Εξυβρίζετε, συκοφαντείτε και λοιδορείτε συσκοτίζοντας την αλήθεια»",https://www.documentonews.gr/article/koyfontinas-exwdiko-koyrtobik-pros-ta-kanalia-exybrizete-sykofanteite-kai-loidoreite-syskotizontas-thn-alhtheia/, Καλεί τα κανάλια να σταματήσουν την «ανεπίτρεπτη πολιτική» κατά του… ,2021,02,26
2021-02-26 17:43:00,Οργίασε η ΕΛ.ΑΣ. στην πορεία αλληλεγγύης στον Κουφοντίνα – Μήνυση στη ΓΑΔΑ για αστυνομική βία καταθέτουν φωτορεπόρτερ (Video),https://www.documentonews.gr/article/orgiase-h-elas-sthn-poreia-allhleggyhs-ston-koyfontina-mhnysh-sth-gada-gia-astynomikh-bia-katathetoyn-fwtoreporter-video/," Συγκέντρωση αλληλεγγύης στον απεργό πείνας Δημήτρη Κουφοντίνα, πραγματοποιήθηκε την Παρασκευή… ",2021,02,26
2021-02-26 17:21:00,Ποιον συμφέρει ο θάνατος του Κουφοντίνα;,https://www.documentonews.gr/article/poion-symferei-o-thanatos-toy-koyfontina/, Από ώρα σε ώρα κρίνεται πιά η εξέλιξη της απεργίας… ,2021,02,26
2021-02-26 17:17:00,Παραίτηση Ντογιάκου από την Ένωση Δικαστών και Εισαγγελέων λόγω… Κουφοντίνα,https://www.documentonews.gr/article/paraithsh-ntogiakoy-apo-thn-enwsh-dikastwn-kai-eisaggelewn-logw-koyfontina/, Δεν συμμερίζεται τις απόψεις της Ένωσης Δικαστών και Εισαγγελέων (ΕνΔΕ)… ,2021,02,26
2021-02-26 12:01:00,Παρέμβαση δικηγόρων στον Εισαγγελέα του Αρείου Πάγου για τον Κουφοντίνα,https://www.documentonews.gr/article/parembash-dikhgorwn-ston-eisaggelea-toy-areioy-pagoy-gia-ton-koyfontina/," Αντιπροσωπεία δικηγόρων, αποτελούμενη από τους Ζορμπαλά Αλέκα, Καμπαγιάννη Θανάση, Παπαδάκη… ",2021,02,26
2021-02-25 17:29:00,Γιατρός Κουφοντίνα: «Κινδυνεύει να χάσει τη ζωή του τα επόμενα δύο 24ωρα»,https://www.documentonews.gr/article/giatros-koyfontina-kindyneyei-na-xasei-th-zwh-toy-ta-epomena-dyo-24wra/, Τον Δημήτρη Κουφοντίνα επισκέφτηκε σήμερα Πέμπτη ο γιατρός επιλογής του… ,2021,02,25
2021-02-25 17:03:00,ΕΕΔΑ για Κουφοντίνα: Καλούμε την Πολιτεία να σεβαστεί και να διασφαλίσει το δικαίωμα του κρατούμενου,https://www.documentonews.gr/article/eeda-gia-koyfontina-kaloyme-thn-politeia-na-sebastei-kai-na-diasfalisei-to-dikaiwma-toy-kratoymenoy/, Ανακοίνωση για την υπόθεση του απεργού πείνας και δίψας Δημήτρη… ,2021,02,25
2021-02-25 13:11:00,Βέβηλος για Κουφοντίνα: Δεν έχουν πια εξουσία πάνω του και αυτό τους φοβίζει περισσότερο από τον θάνατό του,https://www.documentonews.gr/article/bebhlos-gia-koyfontina-den-exoyn-pia-exoysia-panw-toy-kai-ayto-toys-fobizei-perissotero-apo-ton-thanato-toy/, Με μία σύντομη δήλωση του στο documentonews.gr ο Βέβηλος στέκεται… ,2021,02,25
2021-02-25 08:48:00,Ένωση Εισαγγελέων για Κουφοντίνα: Ελήφθησαν τα αναγκαία μέτρα για τη διασφάλιση της υγείας του,https://www.documentonews.gr/article/enwsh-eisaggelewn-gia-koyfontina-elhfthhsan-ta-anagkaia-metra-gia-th-diasfalish-ths-ygeias-toy/, Διευκρινίσεις σχετικά με το «μπάχαλο» που δημιουργήθηκε σχετικά με την… ,2021,02,25
2021-02-25 08:28:00,Η αμετανόητη ΝΔ δίνει «γραμμή» αναλγησίας για τον Κουφοντίνα με εσωτερικο σημείωμα,https://www.documentonews.gr/article/h-ametanohth-nd-dinei-grammh-analghsias-gia-ton-koyfontina-me-eswteriko-shmeiwma/, Ένα εσωτερικό ενημερωτικό e-mail της Νέας Δημοκρατίας το οποίο «δίνε… ,2021,02,25
2021-02-24 21:01:00,Παρεμβάσεις πολιτών και στο facebook του Κυριάκου Μητσοτάκη για Κουφοντίνα,https://www.documentonews.gr/article/parembaseis-politwn-kai-sto-facebook-toy-kyriakoy-mhtsotakh-gia-koyfontina/," Μετά το προφίλ της Προέδρου της Δημοκρατίας, Κατερίνας Σακελλαροπούλου, σειρά… ",2021,02,24
2021-02-24 19:56:00,Μαζική παρέμβαση στο Facebook της Κατερίνας Σακελλαροπούλου για τον Δημήτρη Κουφοντίνα,https://www.documentonews.gr/article/mazikh-parembash-sto-facebook-ths-katerinas-sakellaropoyloy-gia-ton-dhmhtrh-koyfontina/, Εκατοντάδες είναι τα μηνύματα που έχουν σταλεί στο facebook προφίλ… ,2021,02,24
2021-02-24 19:40:00,Αγγελάκας για Κουφοντίνα: Αν πεθάνει η ντροπή θα πέσει πάνω σε όλους μας,https://www.documentonews.gr/article/aggelakas-gia-koyfontina-an-pethanei-h-ntroph-tha-pesei-panw-se-oloys-mas/, Με μία σύντομη δήλωση τοποθετήθηκε ο Γιάννης Αγγελάκας για την… ,2021,02,24
2021-02-24 19:02:00,Επεισόδια και άγρια καταστολή στην πορεία για τον Κουφοντίνα (Photos),https://www.documentonews.gr/article/epeisodia-sto-kentro-ths-athhnas-metaxy-mat-kai-diadhlwtwn-sthn-poreia-gia-ton-koyfontina/, Ένταση επικράτησε το απόγευμα της Τετάρτης στο κέντρο της Αθήνας… ,2021,02,24
2021-02-24 14:20:00,Παρέμβαση Μαζιώτη για την υποχρεωτική σίτιση Κουφοντίνα,https://www.documentonews.gr/article/parembash-maziwth-gia-thn-ypoxrewtikh-sitish-koyfontina/, Παρέμβαση για την εισαγγελική εντολή για την αναγκαστική σίτιση του… ,2021,02,24
2021-02-24 10:20:00,Κλείνουν στις 16:30 οι σταθμοί Μετρό «Πανεπιστήμιο» και «Σύνταγμα» λόγω συγκέντρωσης για τον Δημήτρη Κουφοντίνα,https://www.documentonews.gr/article/kleinoyn-stis-1630-oi-stathmoi-metro-panepisthmio-kai-syntagma-logw-sygkentrwshs-gia-to-dhmhtrh-koyfontina/, Κλείνουν σήμερα στις 16:30 οι σταθμοί του Μετρό «Πανεπιστήμιο» και… ,2021,02,24
2021-02-23 20:03:00,Εισαγγελική διάταξη για χορήγηση «κάθε αναγκαίου ιατρικου μέτρου» στον Δημήτρη Κουφοντίνα,https://www.documentonews.gr/article/eisaggelikh-diataxh-gia-anagkastikh-sitish-ston-koyfontina/," Με διάταξη της εισαγγελέως Πρωτοδικών Λαμίας, που εκδόθηκε σήμερα μετά… ",2021,02,23
2021-02-23 16:13:00,Σεβαστίδης: Οι άδειες κρατουμένων δεν προϋποθέτουν μεταμέλεια,https://www.documentonews.gr/article/sebastidhs-oi-adeies-kratoymenwn-den-proypothetoyn-metameleia/," Τι είχε δηλώσει δύο χρόνια πριν, το 2019, ο πρόεδρος… ",2021,02,23
2021-02-23 12:55:00,Σύγκρουση στη Βουλή για τον απεργό πείνας Κουφοντίνα,https://www.documentonews.gr/article/sygkroysh-sth-boylh-gia-ton-apergo-peinas-koyfontina/, Ανέβηκαν οι τόνοι στην Ολομέλεια της Βουλής μεταξύ της κυβέρνησης… ,2021,02,23
2021-02-23 12:31:00,Παρέμβαση υπέρ Κουφοντίνα στο σπίτι της Σακελλαροπούλου στο Μεταξουργείο,https://www.documentonews.gr/article/parembash-yper-koyfontina-sto-spiti-ths-sakellaropoyloy-sto-metaxoyrgeio/," Παρέμβαση υπέρ του Δημήτρη Κουφοντίνα, πραγματοποίησαν περίπου στις 13:00 περίπου 50… ",2021,02,23
2021-02-23 09:16:00,Το Facebook μπλοκάρει λογαριασμούς δημοσιογράφων που κάνουν κριτική στην κυβέρνηση για τον Κουφοντίνα,https://www.documentonews.gr/article/to-facebook-mplokarei-logariasmoys-dhmosiografwn-poy-kanoyn-kritikh-sthn-kybernhsh-gia-ton-koyfontina/, Σχόλια και λογαριασμούς Ελλήνων δημοσιογράφων που κάνουν κριτική στην κυβέρνηση… ,2021,02,23
2021-02-22 20:24:00,ΕλΕΔΑ για Δημήτρη Κουφοντίνα: «Ας πρυτανεύσει επιτέλους η λογική και το κράτος δικαίου»,https://www.documentonews.gr/article/eleda-gia-dhmhtrh-koyfontina-as-prytaneysei-epiteloys-h-logikh-kai-to-kratos-dikaioy/, Η Ελληνική Ένωση για τα Δικαιώματα του Ανθρώπου απηύθυνε με… ,2021,02,22
2021-02-22 18:28:00,Σε οριακό σημείο η ζωή του Κουφοντίνα – Έβγαλε τον ορό ενυδάτωσης,https://www.documentonews.gr/article/se-oriako-shmeio-h-zwh-toy-koyfontina-zhthse-na-toy-afairethei-o-oros-ths-enydatwshs/, Εξαιρετικά κρίσιμη είναι η κατάσταση της υγείας του Δημήτρη Κουφοντίνα… ,2021,02,22
2021-02-22 13:58:00,Έκκληση Γαβρά στον Μητσοτάκη για μεταφορά του Κουφοντίνα στον Κορυδαλλό,https://www.documentonews.gr/article/ekklhsh-gabra-ston-mhtsotakh-gia-metafora-toy-koyfontina-ston-korydallo/," Ο γνωστός σκηνοθέτης Κώστας Γαβράς, με δήλωσή του στην «Εφημερίδα… ",2021,02,22
2021-02-20 16:54:00,Πανό και τρικάκια για τον Κουφοντίνα στα γραφεία της ΝΔ στην Πειραιώς – πολλές προσαγωγές από την αστυνομία,https://www.documentonews.gr/article/pano-kai-trikakia-gia-ton-koyfontina-sta-grafeia-ths-nd-sthn-peiraiws-polles-prosagwges-apo-thn-astynomia/," Τρικάκια με συνθήματα για τον Δημήτρη Κουφοντίνα, πέταξαν έξω από… ",2021,02,20
2021-02-20 11:21:00,Συγκέντρωση αλληλεγγύης για Κουφοντίνα στο Σύνταγμα: «Όχι νεκρός απεργός πείνας» (Photos),https://www.documentonews.gr/article/sygkentrwsh-allhleggyhs-gia-koyfontina-sto-syntagma-oxi-nekros-apergos-peinas-photos/, Συγκέντρωση αλληλεγγύης στο Σύνταγμα είναι σε εξέλιξη σήμερα Σάββατο στην… ,2021,02,20
2021-02-19 17:51:00,Κουφοντίνας: Συνεχίζει την προσπάθεια παραπλάνησης η Νικολάου,https://www.documentonews.gr/article/koyfontinas-synexizei-thn-prospatheia-paraplanhshs-h-nikolaoy/, Σε μια σειρά από ψέματα και αυτοαναιρέσεις επιδόθηκε στην ανακοίνωσή… ,2021,02,19
2021-02-18 13:00:00,Μπακογιάννη για Κουφοντίνα: Ο νόμος πρέπει να ισχύει για όλους (Video),https://www.documentonews.gr/article/mpakogiannh-gia-koyfontina-o-nomos-prepei-na-isxyei-gia-oloys-video/," Σε μία δήλωση με πολλές ερμηνείες πέρασε η Ντόρα Μπακογιάννη,… ",2021,02,18
2021-02-16 21:33:00,Εισήχθη στη ΜΕΘ ο Δ. Κουφοντίνας – Προ των ευθυνών της η κυβέρνηση,https://www.documentonews.gr/article/eishxthh-sth-meo-o-d-koyfontinas-pro-twn-eythynwn-ths-h-kybernhsh/, Στη ΜΕΘ του Νοσοκομείου Λαμίας εισήχθη ο απεργός πείνας Δημήτρης… ,2021,02,16
2021-02-15 18:21:00,Ώρα μηδέν για τον Δημήτρη Κουφοντίνα – Θα τον αφήσουν να πεθάνει;,https://www.documentonews.gr/article/ora-miden-gia-ton-dimitri-koyfontina-tha-ton-afisoyn-na-pethanei/, «Ήταν ένας καταδικασμένος εγκληματίας. Ο ίδιος επέλεξε να χάσει τη… ,2021,02,15
2021-02-14 11:26:00,Κρίσιμη η κατάσταση της υγείας του Δημ. Κουφοντίνα – τι λέει η συνήγορος του,https://www.documentonews.gr/article/krisimh-h-katastash-ths-ygeias-toy-dhm-koyfontina-ti-leei-h-synhgoros-toy/, Δύο γιατροί κρούουν τον κώδωνα του κινδύνου για την κατάσταση… ,2021,02,14
2021-09-02 17:02:00,Επίθεση της αστυνομίας στη συγκέντρωση για τον Κουφοντίνα (Photos – Video),https://www.documentonews.gr/article/epithesh-ths-astynomias-sth-sygkentrwsh-gia-ton-koyfontina-photos-video/, Ένταση σημειώθηκε στο κέντρο της Αθήνας όταν η αστυνομία επιτέθηκε… ,2021,09,02
2021-08-02 14:58:00,Στην ευρωβουλή το θέμα του απεργού πείνας Δημήτρη Κουφοντίνα,https://www.documentonews.gr/article/sthn-eyrwboylh-to-thema-toy-apergoy-peinas-dhmhtrh-koyfontina/," Ο Μιγκέλ Ουρμπάν Κρέσπο, συντονιστής της επιτροπής Ανθρωπίνων Δικαιωμάτων του… ",2021,08,02
2021-04-02 08:30:00,Μικαέλ Λεβί και Ελένη Βαρίκα για Κουφοντίνα: «Η δικαιοσύνη οφείλει να είναι απρόσωπη και οι νόμοι να εφαρμόζονται για όλους»,https://www.documentonews.gr/article/mikael-lebi-kai-elenh-barika-gia-koyfontina-h-dikaiosynh-ofeilei-na-einai-aproswph-kai-oi-nomoi-na-efarmozontai-gia-oloys/," Με μια σύντομη δήλωση, ο Μικαέλ Λεβί, κοινωνιολόγος, φιλόσοφος, ομότιμος… ",2021,04,02
2021-03-02 14:01:00,Δεκάδες γιατροί υπογράφουν κείμενο για να «σωθεί η ζωή του απεργού πείνας Δημήτρη Κουφοντίνα»,https://www.documentonews.gr/article/dekades-giatroi-ypografoyn-keimeno-gia-na-swthei-h-zwh-toy-apergoy-peinas-dhmhtrh-koyfontina/, «Να σωθεί η ζωή του απεργού πείνας Δημήτρη Κουφοντίνα» ζητούν… ,2021,03,02
2021-01-30 13:08:00,Θεσσαλονίκη: Παρέμβαση αντιεξουσιαστών στην Εθνική Σχολή Δικαστών για τον Δημ. Κουφοντίνα,https://www.documentonews.gr/article/oessalonikh-parembash-antiexoysiastwn-sthn-ethnikh-sxolh-dikastwn-gia-ton-dhm-koyfontina/, Στο στόχαστρο της ομάδας “Αναρχικές/οί” βρέθηκε την Παρασκευή η Εθνική… ,2021,01,30
2021-01-29 21:10:00,Αθήνα: Ένταση στη συγκέντρωση για τον Κουφοντίνα – 21 προσαγωγές,https://www.documentonews.gr/article/athhna-entash-sth-sygkentrwsh-gia-ton-koyfontina-21-prosagwges/, Σε 21 προσαγωγές προχώρησε η ΕΛΑΣ κατά τη διάρκεια της… ,2021,01,29
2021-01-29 16:10:00,Χημικά και ξύλο στη συγκέντρωση για τον Κουφοντίνα στο κέντρο της Αθήνας,https://www.documentonews.gr/article/xhmika-kai-xylo-sth-sygkentrwsh-gia-ton-koyfontina-sto-kentro-ths-athhnas/, Πανδαιμόνιο επικράτησε στο κέντρο της Αθήνας νωρίς το απόγευμα της… ,2021,01,29
2021-01-29 10:13:00,Η Νικολάου διαστρεβλώνει τον εαυτό της: «Στον Δομοκό ο Κουφοντίνας γιατί ανήκει σε φυλακή υψίστης ασφαλείας»,https://www.documentonews.gr/article/h-nikolaoy-diastreblwnei-ton-eayto-ths-ston-domoko-o-koyfontinas-giati-anhkei-se-fylakh-ypsisths-asfaleias/," Σε συνέντευξη που παραχώρησε την περασμένη Τετάρτη, η Γενική Γραμματέας… ",2021,01,29
2021-01-25 10:35:00,Στο νοσοκομείο για τρίτη φορά ο Δημήτρης Κουφοντίνας,https://www.documentonews.gr/article/sto-nosokomeio-gia-trith-fora-o-dhmhtrhs-koyfontinas/, Στα Επείγοντα του Γενικού Νοσοκομείου Λαμίας βρίσκεται αυτή την ώρα… ,2021,01,25
2021-01-23 14:16:00,Απεργία πείνας Δημήτρη Κουφοντίνα: Ένα επικίνδυνο κουβάρι οι ακροβασίες της Σοφίας Νικολάου,https://www.documentonews.gr/article/apergia-peinas-dhmhtrh-koyfontina-ena-epikindyno-koybari-oi-akrobasies-ths-sofias-nikolaoy/, Μετά και την παρέμβαση του Συνηγόρου του Πολίτη που ζητά… ,2021,01,23
2021-01-22 14:02:00,"Κούρτοβικ: Η Δημοκρατία δεν εκδικείται, αλλά εκδικούνται αυτοί που ασκούν την εξουσία",https://www.documentonews.gr/article/koyrtobik-h-dhmokratia-den-ekdikeitai-alla-ekdikoyntai-aytoi-poy-askoyn-thn-exoysia/," Στα λεγόμενα του υφυπουργού Λευτέρη Οικονόμου, ο οποίος αναφερόμενος στον… ",2021,01,22
2021-01-21 17:57:00,Ψέματα και θράσος από τον Λ. Οικονόμου για τον Δ. Κουφοντίνα,https://www.documentonews.gr/article/psemata-kai-thrasos-apo-ton-l-oikonomoy-gia-ton-d-koyfontina/, «Πρέπει να υπενθυμίσω ότι ο Κουφοντίνας είναι βαρυποινίτης και έχει… ,2021,01,21
2021-01-21 11:57:00,Παρέμβαση του Έκτορα Κουφοντίνα: «Η κυβέρνηση ουσιαστικά μας λέει ότι το κράτος δικαίου είναι τρομοκρατία»,https://www.documentonews.gr/article/parembash-toy-ektora-koyfontina-h-kybernhsh-oysiastika-mas-leei-oti-to-kratos-dikaioy-einai-tromokratia/," Παρέμβαση πραγματοποιεί ο γιος του Δημήτρη Κουφοντίνα, Έκτορας, με αφορμή… ",2021,01,21
2021-01-20 15:26:00,Σε κρίσιμη κατάσταση ο Δ. Κουφοντίνας – Παίζουν με τη ζωή του,https://www.documentonews.gr/article/se-krisimh-katastash-o-d-koyfontinas-paizoyn-me-th-zwh-toy/, Κρίσιμη είναι η κατάσταση υγείας του Δημήτρη Κουφοντίνα ο οποίος… ,2021,01,20
2021-01-20 08:46:00,«Η δημοκρατία δεν εκδικείται»,https://www.documentonews.gr/article/h-dhmokratia-den-ekdikeitai/," Δεκαπέντε στελέχη του ΣΥΡΙΖΑ υπογράφουν κείμενο για τον Δημήτρη Κουφοντίνα,… ",2021,01,20
2021-01-19 21:25:00,ΕλΕΔΑ κατά κυβέρνησης για Κουφοντίνα: Γενικευμένη περιστολή δικαιωμάτων και διακριτική μεταχείριση κρατουμένων δεν συμβαδίζουν με το Κράτος Δικαίου,https://www.documentonews.gr/article/eleda-kata-kybernhshs-gia-koyfontina/, Η Ελληνική Ένωση για τα Δικαιώματα του ανθρώπου εξέδωσε ανακοίνωση… ,2021,01,19
2021-01-19 06:34:00,«Σηκωτό» μετέφεραν στο νοσοκομείο τον απεργό πείνας Δ. Κουφοντίνα,https://www.documentonews.gr/article/shkwto-meteferan-sto-nosokomeio-ton-apergo-peinas-d-koyfontina/, Στο νοσοκομείο Λαμίας μεταφέρθηκε από τις φυλακές Δομοκού όπου και… ,2021,01,19
2021-01-17 11:20:00,MεΡΑ 25: Κυβερνητική μεθόδευση η μεταγωγή Κουφοντίνα στο νοσοκομείο,https://www.documentonews.gr/article/mera-25-kybernhtikh-methodeysh-h-metagwgh-koyfontina-sto-nosokomeio/, Η μεταγωγή του καταδίκου Δημήτρη Κουφοντίνα από τις αγροτικές φυλακές… ,2021,01,17
2021-01-17 06:46:00,Λαμία: Αρνήθηκε την ιατρική βοήθεια ο Κουφοντίνας και επέστρεψε στη φυλακή,https://www.documentonews.gr/article/lamia-arnhthhke-thn-iatrikh-bohtheia-o-koyfontinas-kai-epestrepse-sth-fylakh/, Ελάχιστο χρόνο κράτησε η «επίσκεψη» Κουφοντίνα στα Επείγοντα του ΓΝ… ,2021,01,17
2021-01-13 14:26:00,Διαδικτυακό ψήφισμα για τη μεταγωγή του απεργού πείνας Δ. Κουφοντίνα στον Κορυδαλλό,https://www.documentonews.gr/article/diadiktyako-pshfisma-gia-th-metagwgh-toy-apergoy-peinas-d-koyfontina-ston-korydallo/, H «απροκάλυπτη μεθόδευση σε βάρος του επί 18 χρόνια και… ,2021,01,13
2021-08-01 16:14:00,Ξεκινάει και πάλι απεργία πείνας ο Δ. Κουφοντίνας για τα αυτονόητα,https://www.documentonews.gr/article/xekinaei-kai-pali-apergia-peinas-o-d-koyfontinas-gia-ta-aytonohta/, Απεργία πείνας ξεκινάει και πάλι ο Δημήτρης Κουφοντίνας ζητώντας για… ,2021,08,01
2021-07-01 20:58:00,Ψέμα και θράσος από τη Νικολάου: Υποστηρίζει ότι ο Κουφοντίνας μετήχθη στον Κορυδαλλό – Αρνείται να προσκομίσει τα έγγραφα,https://www.documentonews.gr/article/psema-kai-thrasos-apo-th-nikolaoy-yposthrizei-oti-o-koyfontinas-methxthh-ston-korydallo-arneitai-na-proskomisei-ta-eggrafa/, Το παράτυπο της υπόθεσης της μεταγωγής του Δημήτρη Κουφοντίνα από… ,2021,07,01
2021-07-01 18:30:00,Τραγέλαφος και ακραία τυπολατρία: Ζητούν επανάληψη της δίκης της 17Ν για το… τίποτα,https://www.documentonews.gr/article/tragelafos-kai-akraia-typolatria-zhtoyn-epanalhpsh-ths-dikhs-ths-17n-gia-to-tipota/, Λίγο καιρό πριν συμπληρωθούν 19 χρόνια κράτησης του Δημήτρη Κουφοντίνα… ,2021,07,01
2020-12-23 18:36:00,"Κουφοντίνας: Το «Κράτος Δικαίου» γίνεται το «Δίκαιο του Κράτους» – Απλή, καθαρή, πρωτόγονη εκδίκηση",https://www.documentonews.gr/article/koyfontinas-to-kratos-dikaioy-ginetai-to-dikaio-toy-kratoys-aplh-katharh-prwtogonh-ekdikhsh/," Για ξεκαθάρισμα λογαριασμών τύπου σικελικής φαμίλιας, κάνει λόγο ο _x000D_… ",2020,12,23
2020-12-21 19:35:00,"Στον Δομοκό αντί για τον Κορυδαλλό ο Κουφοντίνας – Με βάναυσο τρόπο η μεταγωγή του, λέει η Κούρτοβικ",https://www.documentonews.gr/article/ston-domoko-anti-gia-ton-korydallo-o-koyfontinas-me-banayso-tropo-h-metagwgh-toy-leei-h-koyrtobik/, Η μεταγωγή του Δημήτρη Κουφοντίνα από τις αγροτικές φυλακές Κασσαβέτειας_x000D_… ,2020,12,21
2020-12-21 16:26:00,Άμεση εφαρμογή του νέου νόμου Χρυσοχοΐδη: Μεταγωγή – απαγωγή του Κουφοντίνα παρά την απαγόρευση,https://www.documentonews.gr/article/amesh-efarmogh-toy-neoy-nomoy-xrysoxoidh-metagwgh-apagwgh-toy-koyfontina-para-thn-apagoreysh/, Επιβεβαιώνοντας τα περί φωτογραφικής διάταξης στον νέο νόμο – έκτρωμα… ,2020,12,21
2020-06-24 16:53:00,Νέο «όχι» για άδεια στον Δημήτρη Κουφοντίνα,https://www.documentonews.gr/article/neo-oxi-gia-adeia-ston-dhmhtrh-koyfontina/," Νέο «όχι» στο αίτημά του Δημήτρη Κουφοντίνα για άδεια, είπε… ",2020,06,24
2020-01-21 08:41:00,Νέο «όχι» από το Δικαστικό Συμβούλιο για άδεια στον Κουφοντίνα,https://www.documentonews.gr/article/neo-oxi-apo-to-dikastiko-symboylio-gia-adeia-ston-koyfontina/, Απορριπτική ήταν η απόφαση του Συμβουλίου Πλημμελειοδικών Βόλου και στο… ,2020,01,21
2019-12-13 12:57:00,Προσφυγή Κουφοντίνα στο Δικαστικό Συμβούλιο Βόλου για 9ήμερη εορταστική άδεια,https://www.documentonews.gr/article/prosfygh-koyfontina-sto-dikastiko-symboylio-boloy-gia-9hmerh-eortastikh-adeia/," Στο Συμβούλιο Πλημμελειοδικών Βόλου προσέφυγε ο Δημήτρης Κουφοντίνας, για να… ",2019,12,13
2019-10-12 19:34:00,Νέο «όχι» στο αίτημα Κουφοντίνα για άδεια,https://www.documentonews.gr/article/neo-oxi-sto-aithma-koyfontina-gia-adeia/, Απορρίφθηκε και το νέο αίτημα του Δημήτρη Κουφοντίνα για να… ,2019,10,12
2019-03-10 13:53:00,Νέο «όχι» στην αίτηση για άδεια στον Κουφοντίνα,https://www.documentonews.gr/article/neo-oxi-sthn-aithsh-gia-adeia-ston-koyfontina/, Και νέο όχι στον Δημήτρη Κουφοντίνα στο αίτημα του για… ,2019,03,10
2019-07-23 12:23:00,Δημιουργούν «κίνδυνο απόδρασης του Κουφοντίνα» για να τον μεταφέρουν σε κλειστή φυλακή;,https://www.documentonews.gr/article/dhmioyrgoyn-kindyno-apodrashs-toy-koyfontina-gia-na-ton-metaferoyn-se-kleisth-fylakh/," Για αστυνομική κινητοποίηση έξω από τις φυλακές Κασσαβέτειας στη Μαγνησία,… ",2019,07,23
2019-06-07 14:16:00,Κουφοντίνας: Οι δικαστές του Βόλου αγνοούν επιδεικτικά τον Άρειο Πάγο επειδή έχουν τη στήριξη ισχυρών πολιτικά οικογενειών,https://www.documentonews.gr/article/koyfontinas-oi-dikastes-toy-boloy-agnooyn-epideiktika-ton-areio-pago-epeidh-exoyn-th-sthrixh-isxyrwn-politika-oikogeneiwn/, «Οι δικαστές του Βόλου έπιασαν ξανά το δικό τους αυταρχικό… ,2019,06,07
2019-05-07 11:39:00,«Όχι» στην αίτηση για άδεια στον Κουφοντίνα,https://www.documentonews.gr/article/oxi-sthn-aithsh-gia-adeia-ston-koyfontina/, Το Συμβούλιο Πλημμελειοδικών Βόλου απέρριψε με βούλευμά του το αίτημα… ,2019,05,07
2019-01-07 15:43:00,Νέο «όχι» της Εισαγγελίας Βόλου για άδεια στον Δημήτρη Κουφοντίνα,https://www.documentonews.gr/article/neo-oxi-ths-eisaggelias-boloy-gia-adeia-ston-dhmhtrh-koyfontina/, Και νέα απορριπτική εισήγηση της εισαγγελέως Βόλου στο αίτημα του… ,2019,01,07
2019-06-21 13:50:00,Κουφοντίνας: Γιατί ο δικηγόρος του ζητά αναβολή της συζήτησης για την αίτηση άδειας,https://www.documentonews.gr/article/koyfontinas-giati-o-dikhgoros-toy-zhta-anabolh-ths-syzhthshs-gia-thn-aithsh-adeias/, Αίτημα αναβολής της συζήτησης της νέας αίτησης του για χορήγηση… ,2019,06,21
2019-06-19 16:43:00,Να μη δοθεί άδεια στον Κουφοντίνα εισηγείται η Εισαγγελία Βόλου,https://www.documentonews.gr/article/na-mh-dothei-adeia-ston-koyfontina-eishgeitai-h-eisaggelia-boloy/, Να μη δοθεί η τακτική άδεια που δικαιούται στον Δημήτρη… ,2019,06,19
2019-08-06 13:44:00,Η συμπαράσταση 20 κρατουμένων στον Ντ. Γιαγτζόγλου μεταφράστηκε από την εισαγγελία ως τέλεση αδικημάτων,https://www.documentonews.gr/article/h-symparastash-20-kratoymenwn-ston-nt-giagtzogloy-metafrasthke-apo-thn-eisaggelia-ws-telesh-adikhmatwn/," H συμπαράσταση στον συγκρατούμενο τους που έκανε τότε απεργία πείνας,… ",2019,08,06
2019-07-06 10:27:00,Στο νοσοκομείο Βόλου ξανά ο Δημήτρης Κουφοντίνας,https://www.documentonews.gr/article/sto-nosokomeio-boloy-xana-o-dhmhtrhs-koyfontinas/," Στο νοσοκομείο Βόλου, στο τμήμα Επειγόντων Περιστατικών εισήχθη λίγο μετά… ",2019,07,06
2019-03-06 11:50:00,Εξιτήριο πήρε ο Κουφοντίνας,https://www.documentonews.gr/article/exithrio-phre-o-koyfontinas/," Εξιτήριο πήρε σήμερα, Δευτέρα, από το Νοσοκομείο του Βόλου ο… ",2019,03,06
2019-05-29 14:43:00,Μπακογιάννης για αντιεξουσιαστές στα Πετράλωνα: Κάλεσα τα κουφοντινάκια για κρασί,https://www.documentonews.gr/article/mpakogiannhs-gia-antiexoysiastes-sta-petralwna-kalesa-ta-koyfontinakia-gia-krasi/," Το σκηνικό που διαδραματίστηκε το βράδυ της Τρίτης, όταν αντιεξουσιαστές… ",2019,05,29
2019-05-29 08:56:00,Ανάληψη ευθύνης για την επίθεση σε εκδήλωση της ΝΔ,https://www.documentonews.gr/article/analhpsh-eythynhs-gia-thn-epithesh-se-ekdhlwsh-ths-nd/," Η ομάδα «Αναρχικοί/ες», με ανάρτησή της σε ιστοσελίδα του αντιεξουσιαστικού… ",2019,05,29
2019-05-23 18:40:00,Σταματάει την απεργία πείνας ο Δημήτρης Κουφοντίνας,https://www.documentonews.gr/article/stamataei-thn-apergia-peinas-o-dhmhtrhs-koyfontinas-5ce6da54ea3f6/, Μετά την αναίρεση από τον Άρειο Πάγο του βουλεύματος με… ,2019,05,23
2019-05-23 14:20:00,Ανοίγει ο δρόμος για τη χορήγηση άδειας στον Δημήτρη Κουφοντίνα,https://www.documentonews.gr/article/anoigei-o-dromos-gia-th-xorhghsh-adeias-ston-dhmhtrh-koyfontina/, Θα κριθεί εκ νέου από το δικαστικό συμβούλιο το θέμα… ,2019,05,23
2019-05-23 14:04:00,"Μαντζουράνης για Κουφοντίνα: Ο νόμος είτε είναι καλός είτε είναι κακός εφαρμόζεται, για όλους",https://www.documentonews.gr/article/mantzoyranhs-gia-koyfontina-o-nomos-eite-einai-kalos-eite-einai-kakos-efarmozetai-gia-oloys/, Για την απόφαση του Αρείου Πάγου που έκανε δεκτή την… ,2019,05,23
2019-05-22 06:20:00,Έξαλλος ο Μπακογιάννης από την επίθεση στο εκλογικό του κέντρο: Να κάνουν το σταυρό τους να μη βγω Δήμαρχος (Video & Photo),https://www.documentonews.gr/article/exallos-o-mpakogiannhs-apo-thn-epithesh-sto-eklogiko-toy-kentro-na-kanoyn-to-stayro-toys-na-mh-bgw-dhmarxos-video-photo/," Οργισμένος ο Κώστας Μπακογιάννης, απάντησε στους αγνώστους, υποστηρικτές του Κουφοντίνα… ",2019,05,22
2019-05-21 18:45:00,Ένταση στην πορεία στο κέντρο της Αθήνας για τον Δημήτρη Κουφοντίνα,https://www.documentonews.gr/article/entash-sthn-poreia-sto-kentro-ths-athhnas-gia-ton-dhmhtrh-koyfontina/, Υπέρ του Δημήτρη Κουφοντίνα διαδηλώνουν περίπου 500 άτομα στο κέντρο… ,2019,05,21
2019-05-21 15:11:00,Τα επόμενα 24ωρα η απόφαση για Δημήτρη Κουφοντίνα,https://www.documentonews.gr/article/ta-epomena-24wra-h-apofash-gia-dhmhtrh-koyfontina/, Τα επόμενα 24ωρα αναμένεται -σύμφωνα με πληροφορίες- η απόφαση του… ,2019,05,21
2019-05-21 09:23:00,Τρικάκια και συνθήματα υπέρ Κουφοντίνα – Σήμερα η συζήτηση για την χορήγηση άδειας,https://www.documentonews.gr/article/trikakia-kai-synthhmata-yper-koyfontina-shmera-h-syzhthsh-gia-thn-xorhghsh-adeias/, Συνθήματα υπέρ του Δημήτρη Κουφοντίνα έγραψαν άγνωστοι τα ξημερώματα στο… ,2019,05,21
2019-05-19 19:18:00,Συγκέντρωση έξω από το Νοσοκομείο Βόλου υπέρ της χορήγησης άδειας στον Κουφοντίνα,https://www.documentonews.gr/article/sygkentrwsh-exw-apo-to-nosokomeio-boloy-yper-ths-xorhghshs-adeias-ston-koyfontina/," Συγκέντρωση με μουσικές, πανό και τρικάκια πραγματοποίησαν σήμερα γύρω στις… ",2019,05,19
2019-05-19 12:47:00,Σε οριακή κατάσταση ο Δ. Κουφοντίνας: Αντιμέτωπος πλέον με κίνδυνο πολυοργανικής ανεπάρκειας,https://www.documentonews.gr/article/se-oriakh-katastash-o-d-koyfontinas-antimetwpos-pleon-me-kindyno-polyorganikhs-aneparkeias/," Κίνδυνο πολυοργανικής ανεπάρκειας αντιμετωπίζει πλέον ο Δημήτρης Κουφοντίνας, που συνεχίζει… ",2019,05,19
2019-05-18 13:26:00,Μιχάλης Καλογήρου: Σεβαστείτε τη Δικαιοσύνη και τον Άρειο Πάγο,https://www.documentonews.gr/article/mixalhs-kaloghroy-sebasteite-th-dikaiosynh-kai-ton-areio-pago/, Να σεβαστούν τη Δικαιοσύνη και να μην επιτίθενται στην εισαγγελέα… ,2019,05,18
2019-05-18 12:32:00,Την ερχόμενη Τρίτη θα κριθεί στον Άρειο Πάγο η άδεια του Δημήτρη Κουφοντίνα,https://www.documentonews.gr/article/thn-erxomenh-trith-tha-krithei-ston-areio-pago-h-adeia-toy-dhmhtrh-koyfontina/," Την ερχόμενη Τρίτη, 21 Μαίου 2019 προσδιορίστηκε η συνεδρίαση του… ",2019,05,18
2019-05-18 06:05:00,Το σκεπτικό της εισαγγελικής αναίρεσης για Κουφοντίνα,https://www.documentonews.gr/article/to-skeptiko-ths-eisaggelikhs-anaireshs-gia-koyfontina/," Η εισαγγελέας του Αρείου Πάγου, Ξένη Δημητρίου, αργά χθες το… ",2019,05,18
2019-05-17 21:11:00,Αναίρεση στο βούλευμα για την άδεια στον Δημήτρη Κουφοντίνα,https://www.documentonews.gr/article/anairesh-sto-boyleyma-gia-thn-adeia-ston-dhmhtrh-koyfontina/, Αναίρεση άσκησε αργά το βράδυ της Παρασκευής η εισαγγελέας του… ,2019,05,17
2019-05-17 15:27:00,Στην εντατική ο Δημήτρης Κουφοντίνας – Επιδεινώθηκε η κατάσταση της υγείας του,https://www.documentonews.gr/article/sthn-entatikh-o-koyfontinas/," Στη Μονάδα Εντατικής Θεραπείας μεταφέρθηκε το μεσημέρι της Παρασκευής, ο… ",2019,05,17
2019-05-16 16:58:00,Κατάληψη στην ΕΡΤ3 για τον Δημήτρη Κουφοντίνα,https://www.documentonews.gr/article/katalhpsh-sthn-ert3-gia-ton-dhmhtrh-koyfontina/," Παρέμβαση – κατάληψη στο ραδιόφωνο της ΕΡΤ3, πραγματοποίησε ομάδα αντιεξουσιαστών,… ",2019,05,16
2019-05-16 11:34:00,Η ΠΕΝΕΝ εκφράζει την αλληλεγγύη της στον Δημήτρη Κουφοντίνα,https://www.documentonews.gr/article/h-penen-ekfrazei-thn-allhleggyh-ths-ston-dhmhtrh-koyfontina/," Την αλληλεγγύη της στον απεργό πείνας, Δημήτρη Κουφοντίνα, εκφράζει η… ",2019,05,16
2019-05-16 07:49:00,Διαμαρτυρία στη Θεσσαλονίκη για τον Δημήτρη Κουφοντίνα,https://www.documentonews.gr/article/diamartyria-sth-oessalonikh-gia-ton-dhmhtrh-koyfontina/, Συγκέντρωση διαμαρτυρίας θα πραγματοποιήσουν σήμερα το απόγευμα άτομα του ευρύτερου… ,2019,05,16
2019-05-15 14:19:00,Σοβαρή επιδείνωση της υγείας του Δημήτρη Κουφοντίνα – Η ιατρική γνωμάτευση,https://www.documentonews.gr/article/sobarh-epideinwsh-ths-ygeias-toy-dhmhtrh-koyfontina-h-iatrikh-gnwmateysh/, Σοβαρή επιδείνωση παρουσιάζει η υγεία του απεργού πείνας Δημήτρη Κουφοντίνα. Νομοθετική… ,2019,05,15
2019-05-14 11:27:00,«Κρίσιμη η κατάσταση της υγείας του Κουφοντίνα»,https://www.documentonews.gr/article/krisimh-h-katastash-ths-ygeias-toy-koyfontina/," “Κρίσιμη” χαρακτήρισε την κατάσταση της υγείας του Δημήτρη Κουφοντίνα, ο… ",2019,05,14
2019-12-05 11:55:00,Ανάρτησαν στα Προπύλαια της Ακρόπολης πανό αλληλεγγύης στον απεργό πείνας Δημήτρη Κουφοντίνα,https://www.documentonews.gr/article/anarthsan-sta-propylaia-ths-akropolhs-pano-allhleggyhs-ston-apergo-peinas-dhmhtrh-koyfontina/, Πανό με σύνθημα «άδεια τώρα στον απεργό πείνας από 2/5… ,2019,12,05
2019-10-05 16:27:00,Αυτός είναι ο λόγος που δε δόθηκε άδεια στον Δημήτρη Κουφοντίνα,https://www.documentonews.gr/article/aytos-einai-o-logos-poy-de-dothhke-adeia-ston-dhmhtrh-koyfontina/, Οι ιδεολογικές αντιλήψεις και οι… συναναστροφές του εκτός φυλακής είναι… ,2019,10,05
2019-10-05 13:47:00,ΟΕΝΓΕ για Kουφοντίνα: Όλοι οι νοσηλευόμενοι είναι ίσοι,https://www.documentonews.gr/article/oenge-gia-koyfontina-oloi-oi-noshleyomenoi-einai-isoi/, Να παρέμβει άμεσα η πολιτική ηγεσία του Υπουργείου Υγείας για… ,2019,10,05
2019-10-05 10:31:00,Παρέμβαση της Εισαγγελέως του Αρείου Πάγου για το θέμα της άδειας του απεργού πείνας Δημήτρη Κουφοντίνα,https://www.documentonews.gr/article/parembash-ths-eisaggelews-toy-areioy-pagoy-gia-to-thema-ths-adeias-toy-apergoy-peinas-dhmhtrh-koyfontina/," Η ανώτατη εισαγγελική λειτουργός της χώρας ζήτησε, σύμφωνα με το… ",2019,10,05
2019-10-05 10:09:00,Δημήτρης Κουφοντίνας: Συνεχίζω μέχρι τη δικαίωση ή μέχρι το τέλος,https://www.documentonews.gr/article/dhmhtrhs-koyfontinas-synexizw-mexri-th-dikaiwsh-h-mexri-to-telos/," Αυτή είναι η θέληση του απεργού πείνας Δημήτρη Κουφοντίνα, όπως… ",2019,10,05
2019-10-05 09:39:00,Νέο «όχι» στο αίτημα του Δημήτρη Κουφοντίνα για άδεια – Συνεχίζει την απεργία πείνας,https://www.documentonews.gr/article/neo-oxi-sto-aithma-toy-dhmhtrh-koyfontina-gia-adeia-synexizei-thn-apergia-peinas/, Αρνητικά απάντησε και πάλι το Συμβούλιο Πλημμελειοδικών του Βόλου στο… ,2019,10,05
2019-10-05 09:35:00,Κατάληψη στα γραφεία της «Αυγής»,https://www.documentonews.gr/article/katalhpsh-sta-grafeia-ths-ayghs/, Αρνητικά απάντησε για δεύτερη φορά το Συμβούλιο Πλημμελειοδικών του Βόλου… ,2019,10,05
2019-10-05 06:16:00,Επεισόδια και προσαγωγές στο κέντρο της Αθήνας – Διαμαρτυρία για τον Κουφοντίνα (Photos),https://www.documentonews.gr/article/epeisodia-kai-prosagwges-sto-kentro-ths-athhnas-diamartyria-gia-ton-koyfontina-photos/," Ελεύθεροι αφέθηκαν οι 12 από τους 15 προσαχθέντες, συνολικά, για… ",2019,10,05
2019-09-05 19:27:00,"Μεταφορά του απεργού πείνας, Δημήτρη Κουφοντίνα από το υπόγειο δίπλα σε …νεκροθάλαμο, σε κανονικό δωμάτιο",https://www.documentonews.gr/article/metafora-toy-apergoy-peinas-dhmhtrh-koyfontina-apo-to-ypogeio-dipla-se-nekrothalamo-se-kanoniko-dwmatio/, Υπενθυμίζεται ότι όπως είχε δηλώσει στην επιστολή που έστειλε στο… ,2019,09,05
2019-09-05 15:17:00,Το υπόμνημα του Κουφοντίνα προς τους δικαστές – Τι λέει για «το τέλος» της πορείας του,https://www.documentonews.gr/article/to-ypomnhma-toy-koyfontina-pros-toys-dikastes-ti-leei-gia-to-telos-ths-poreias-toy/, « …Σε κανένα δικαιϊκό καθεστώς εκτός από τα απολύτως αυταρχικά… ,2019,09,05
2019-09-05 15:16:00,"Κουφοντίνας: Με έχουν στην αποθήκη του υπογείου, δίπλα στο νεκροτομείο, είναι απάνθρωπη μεταχείριση",https://www.documentonews.gr/article/koyfontinas-me-exoyn-sthn-apothhkh-toy-ypogeioy-dipla-sto-nekrotomeio-einai-apanthrwph-metaxeirish/," «Οι συνθήκες διαμονής μου στο νοσοκομείο, σε αποθήκη υπογείου δίπλα… ",2019,09,05
2019-09-05 11:37:00,Το συντομότερο δυνατό η απόφαση για τη χορήγηση ή μη άδειας στο Δημήτρη Κουφοντίνα,https://www.documentonews.gr/article/to-syntomotero-dynato-h-apofash-gia-th-xorhghsh-h-mh-adeias-sto-dhmhtrh-koyfontina/,  Την ώρα που ο Δημήτρης Κουφοντίνας νοσηλεύεται στο «Αχιλλοπούλειο» Νοσοκομείο… ,2019,09,05
2019-08-05 19:10:00,Κατηγορηματική άρνηση του Δημήτρη Κουφοντίνα στην υποχρεωτική σίτιση,https://www.documentonews.gr/article/kathgorhmatikh-arnhsh-toy-dhmhtrh-koyfontina-sthn-ypoxrewtikh-sitish/," «Να μην τολμήσετε», ήταν η απάντηση του απεργού πείνας στην… ",2019,08,05
2019-08-05 08:20:00,Θεσσαλονίκη: Έγραψαν συνθήματα υπέρ Κουφοντίνα στα εκλογικά κέντρα Ταχιάου και Νοτοπούλου (Photos),https://www.documentonews.gr/article/oessalonikh-egrapsan-synthhmata-yper-koyfontina-sta-eklogika-kentra-taxiaoy-kai-notopoyloy-photos/, Συνθήματα με σπρέι έγραψαν άγνωστοι στις 3 τα ξημερώματα της… ,2019,08,05
2019-07-05 18:54:00,Συγκέντρωση αντιεξουσιαστών για τον Κουφοντίνα – Κλειστή η Πανεπιστημίου,https://www.documentonews.gr/article/sygkentrwsh-antiexoysiastwn-gia-ton-koyfontina-kleisth-h-panepisthmioy/," Συγκέντρωση διαμαρτυρίας πραγματοποιούν αντιεξουσιαστές στο κέντρο της Αθήνας, με αφορμή… ",2019,07,05
2019-07-05 08:26:00,Παραμένει στο νοσοκομείο ο Κουφοντίνας – Αρνείται να δεχτεί τροφή,https://www.documentonews.gr/article/paramenei-sto-nosokomeio-o-koyfontinas-arneitai-na-dextei-trofh-5cd1333cd14d1/, Συνεχίζεται από χθες αργά τη νύχτα η προληπτική νοσηλεία του… ,2019,07,05
2019-06-05 21:23:00,Στο νοσοκομείο ο Δημήτρης Κουφοντίνας,https://www.documentonews.gr/article/sto-nosokomeio-o-dhmhtrhs-koyfontinas-5cd0977a796ae/," Ο Δημήτρης Κουφοντίνας πραγματοποιεί απεργία πείνας εδώ και τέσσερις ημέρες,… ",2019,06,05
2019-06-05 09:59:00,Ένωση Δικαστών και Εισαγγελέων: Μέθοδοι «φασιστικού τύπου» από τον Ρουβίκωνα για να καμφθούν οι δικαστές,https://www.documentonews.gr/article/enwsh-dikastwn-kai-eisaggelewn-methodoi-fasistikoy-typoy-apo-ton-roybikwna-gia-na-kamfthoyn-oi-dikastes/,"     «Η απειλή της ζωής δικαστικών λειτουργών, που καλούνται… ",2019,06,05
2019-04-05 13:13:00,Διαμαρτυρία στο μετρό Συντάγματος για την μη παροχή άδειας στον Δ. Κουφοντίνα (Photos),https://www.documentonews.gr/article/diamartyria-sto-metro-syntagmatos-gia-thn-mh-paroxh-adeias-ston-d-koyfontina-photos/," Δεκάδες μέλη της Συνέλευσης Αλληλεγγύης στον πολιτικό κρατούμενο Δημήτρη Κουφοντίνα,… ",2019,04,05
2019-03-05 08:25:00,Σε απεργία πείνας ο Κουφοντίνας: Αρνούμαι οποιαδήποτε ιατρική βοήθεια,https://www.documentonews.gr/article/se-apergia-peinas-o-koyfontinas-arnoymai-opoiadhpote-iatrikh-bohtheia/, Το πρωί της Παρασκευής ο Δημήτρης Κουφοντίνας ενημέρωσε γραπτώς τη διοίκηση… ,2019,03,05
2019-02-05 18:51:00,Σε νέα απεργία πείνας ο Δημήτρης Κουφοντίνας,https://www.documentonews.gr/article/se-nea-apergia-peinas-o-dhmhtrhs-koyfontinas/, Για άλλη μια φορά ο εισαγγελέας της φυλακής όπου εκτίει… ,2019,02,05
2019-03-31 20:00:00,Χωρίς παρατράγουδα η συγκέντρωση αλληλεγγύης στον Κουφοντίνα,https://www.documentonews.gr/article/xwris-paratragoyda-h-sygkentrwsh-allhleggyhs-ston-koyfontina/," Πραγματοποιήθηκε σε ήρεμο κλίμα η συγκέντρωση αλληλεγγύης στον Δημήτρη Κουφοντίνα,… ",2019,03,31
2019-03-31 16:28:00,«Απόβαση» διμοιριών ΜΑΤ στο λιμάνι του Βόλου για την πανελλαδική συγκέντρωση υπέρ Κουφοντίνα (Photos),https://www.documentonews.gr/article/apobash-dimoiriwn-mat-sto-limani-toy-boloy-gia-thn-panelladikh-sygkentrwsh-yper-koyfontina-photos/," ΜΑΤ με κλούβες στο λιμάνι του Βόλου, ακροβολισμένες διμοιρίες στις… ",2019,03,31
2019-03-31 08:34:00,Πανελλαδική συγκέντρωση υπέρ Κουφοντίνα στον Βόλο,https://www.documentonews.gr/article/panelladikh-sygkentrwsh-yper-koyfontina-ston-bolo/, Πανελλαδική συγκέντρωση και διαδήλωση για την άμεση χορήγηση άδειας στον… ,2019,03,31
2019-02-27 19:17:00,Επιστολή Κουφοντίνα με αιχμές μέσα από τη φυλακή: «Όσο υπάρχει κρατική τρομοκρατία…»,https://www.documentonews.gr/article/koyfontinas-oso-yparxei-kratikh-tromokratia-toso-tha-yparxoyn-anthrwpoi-poy-tha-xanapianoyn-to-kokkino-nhma-twn-agwnwn/, Στην απόρριψη του αιτήματός του για νέα άδεια αναφέρεται ο… ,2019,02,27
2019-02-27 16:04:00,Απορρίφθηκε το αίτημα του Δημήτρη Κουφοντίνα για νέα άδεια,https://www.documentonews.gr/article/aporrifthhke-to-aithma-toy-dhmhtrh-koyfontina-gia-nea-adeia/," Μετά από έξι άδειες, κατά τη διάρκεια των οποίων η… ",2019,02,27
2019-02-21 16:25:00,Εμπλοκή με την άδεια του Δημήτρη Κουφοντίνα,https://www.documentonews.gr/article/emplokh-me-thn-adeia-toy-dhmhtrh-koyfontina/," Μετά από έξι άδειες, κατά τη διάρκεια των οποίων η… ",2019,02,21
2019-02-17 18:32:00,Οργή Ντόρας-Κυριάκου για την άδεια Κουφοντίνα: «Πώς είναι δυνατόν να δίνουν άδεια στο πιστόλι της 17Ν;»,https://www.documentonews.gr/article/orgh-ntoras-kyriakoy-gia-thn-adeia-koyfontina-pws-einai-dynaton-na-dinoyn-adeia-sto-pistoli-ths-17n/, Την οργή της εκφράζει η Ντόρα Μπακογιάννη για το θέμα… ,2019,02,17
2019-02-17 18:31:00,"Εκτορας Κουφοντίνας: «Η 17Ν δεν υπάρχει, η αλλαγή θέλει νέα εργαλεία, νέα σχήματα»",https://www.documentonews.gr/article/ektoras-koyfontinas-h-17n-den-yparxei-h-allagh-thelei-nea-ergaleia-nea-sxhmata/," Ο γιος του Δημήτρη Κουφοντίνα μιλάει για το βιβλίο του,… ",2019,02,17
2019-02-17 18:30:00,Οι άδειες τρομοκρατών της «17Ν» επί ΝΔ – ΠΑΣΟΚ αποκαλύπτουν την μιντιακή υποκρισία,https://www.documentonews.gr/article/oi-adeies-tromokratwn-ths-17n-epi-nd-pasok-apokalyptoyn-thn-mintiakh-ypokrisia/," «Ο κατηγορούμενος Χ.Ξ., της συγκεκριμένης υπόθεσης, είχε πάρει νομίζω 7… ",2019,02,17
2019-09-02 19:32:00,«Fake news» η νέα άδεια εξόδου του Κουφοντίνα από τις φυλακές Βόλου,https://www.documentonews.gr/article/fake-news-h-nea-adeia-exodoy-toy-koyfontina-apo-tis-fylakes-boloy/, Δεν έχει εγκριθεί ακόμα η έκτη άδεια εξόδου του Δημήτρη… ,2019,09,02
2019-09-02 09:12:00,Πώς ο Κεγκέρογλου προσπαθεί να βγάλει «λάδι» τον Σημίτη… «καταργώντας» τη διάκριση εξουσιών,https://www.documentonews.gr/article/pws-o-kegkerogloy-prospathei-na-bgalei-ladi-ton-shmith-katargwntas-th-diakrish-exoysiwn/, Καμία απολύτως λογική δεν έχει το ποστ του  βουλευτή του… ,2019,09,02
2019-04-02 10:29:00,Ο γιος του Τεμπονέρα απαντάει στον Κώστα Μπακογιάννη για τον Κουφοντίνα,https://www.documentonews.gr/article/o-gios-toy-temponera-apantaei-ston-kwsta-mpakogiannh-gia-ton-koyfontina/, Με μία ανάρτησή του στο Facebook o γιος του Νίκου… ,2019,04,02
2019-04-02 10:28:00,Διονύσης Τεμπονέρας για Κουφοντίνα: Λησμονούν οι νεοφιλελεύθεροι θιασώτες του «νόμου και της τάξης» ότι ο Καλαμπόκας είχε μεταφερθεί στις φυλακές Βόλου,https://www.documentonews.gr/article/dionyshs-temponeras-gia-koyfontina-lhsmonoyn-oi-neofileleytheroi-thiaswtes-toy-nomoy-kai-ths-taxhs-oti-o-kalampokas-eixe-metaferthei-stis-fylakes-boloy/, Με μια μακροσκελή  ανάρτησή του στον προσωπικό του λογαριασμό στο… ,2019,04,02
2019-01-29 23:36:00,Πανό στην Ακρόπολη για τον Κουφοντίνα σήκωσε ο Ρουβίκωνας,https://www.documentonews.gr/article/pano-sthn-akropolh-gia-ton-koyfontina-shkwse-o-roybikwnas/," Παρέμβαση του Ρουβίκωνα στην Ακρόπολη υπέρ του απεργού πείνας, Δημήτρης… ",2019,01,29
2019-01-28 10:30:00,Στις αγροτικές φυλακές Βόλου ο Κουφοντίνας λόγω της σταδιακής μετατροπής του Κορυδαλλού σε κατάστημα κράτησης υποδίκων,https://www.documentonews.gr/article/stis-agrotikes-fylakes-boloy-o-koyfontinas-logw-ths-stadiakhs-metatrophs-toy-korydalloy-se-katasthma-krathshs-ypodikwn/," Στις αγροτικές φυλακές Βόλου μεταφέρεται ο Δημήτρης Κουφοντίνας, μετά από… ",2019,01,28
2019-01-28 10:30:00,Στις φυλακές Κορυδαλλού επέστρεψε ο Κουφοντίνας (Photos),https://www.documentonews.gr/article/stis-fylakes-korydalloy-epestrepse-o-koyfontinas-photos/, Στις φυλακές Κορυδαλλού επέστρεψε ο Δημήτρης Κουφοντίνας μετά την τρίτη… ,2019,01,28
2019-01-26 01:45:00,Κοντονής: Οι μεταγωγές Κουφοντίνα & Ξηρού δεν έχουν σχέση με την έκτιση των ποινών,https://www.documentonews.gr/article/kontonhs-oi-metagwges-koyfontina-xhroy-den-exoyn-sxesh-me-thn-ektish-twn-poinwn/, Ουδεμία σχέση έχουν οι μεταγωγές του Δημήτρη Κουφοντίνα και του… ,2019,01,26
2019-01-26 01:45:00,"«Το “ρουσφέτι” της τρομοκρατίας», η μεταγωγή Κουφοντίνα και ο ελεύθερος Καλαμπόκας",https://www.documentonews.gr/article/to-roysfeti-ths-tromokratias-h-metagwgh-koyfontina-kai-o-eleytheros-kalampokas/, Δεν έχασε ευκαιρία για νέα «κόντρα» με την κυβέρνηση ο… ,2019,01,26
2019-01-26 01:45:00,Κοντονής: Οι μεταγωγές Κουφοντίνα & Ξηρού δεν έχουν σχέση με την έκτιση των ποινών,https://www.documentonews.gr/article/kontonhs-oi-metagwges-koyfontina-xhroy-den-exoyn-sxesh-me-thn-ektish-twn-poinwn/, Ουδεμία σχέση έχουν οι μεταγωγές του Δημήτρη Κουφοντίνα και του… ,2019,01,26
2019-01-26 01:45:00,"«Το “ρουσφέτι” της τρομοκρατίας», η μεταγωγή Κουφοντίνα και ο ελεύθερος Καλαμπόκας",https://www.documentonews.gr/article/to-roysfeti-ths-tromokratias-h-metagwgh-koyfontina-kai-o-eleytheros-kalampokas/, Δεν έχασε ευκαιρία για νέα «κόντρα» με την κυβέρνηση ο… ,2019,01,26
2019-01-26 01:43:00,Οργισμένη δήλωση της Βρετανίδας Πρέσβειρας για την άδεια στον Κουφοντίνα,https://www.documentonews.gr/article/orgismenh-dhlwsh-ths-bretanidas-presbeiras-gia-thn-adeia-ston-koyfontina/, Την αντίδραση της Βρετανίδας πρεσβευτή στην Αθήνα Κέιτ Σμιθ προκάλεσε… ,2019,01,26
2019-01-26 01:43:00,Προσπάθησαν να κάνουν ντου στο Υπουργείο Προστασίας του Πολίτη για τον Κουφοντίνα – Προσαγωγές,https://www.documentonews.gr/article/prospathhsan-na-kanoyn-ntoy-sto-ypoyrgeio-prostasias-toy-polith-gia-ton-koyfontina-prosagwges/, Περίπου είκοσι άτομα προσπάθησαν να περάσουν στο προαύλιο του Υπουργείου… ,2019,01,26
2019-01-26 01:43:00,Συγκέντρωση αλληλεγγύης τη Δευτέρα για τον απεργό πείνας Δ. Κουφοντίνα,https://www.documentonews.gr/article/sygkentrwsh-allhleggyhs-th-deytera-gia-ton-apergo-peinas-d-koyfontina/, Σε συγκέντρωση αλληλεγγύης στον Δ. Κουφοντίνα που βρίσκεται σε απεργία… ,2019,01,26
2019-01-26 01:39:00,Επιστροφή στον Κορυδαλλό για τον Δ. Κουφοντίνα,https://www.documentonews.gr/article/epistrofh-ston-korydallo-gia-ton-d-koyfontina/, Λίγο πριν τις 8:30 επέστρεψε στις φυλακές Κορυδαλλού ο Δημήτρης… ,2019,01,26
2019-01-26 01:36:00,Τι δηλώνει η χήρα Σόντερς για την άδεια του Κουφοντίνα,https://www.documentonews.gr/article/ti-dhlwnei-h-xhra-sonters-gia-thn-adeia-toy-koyfontina/," Η Χέδερ Σόντερς, χήρα του Βρετανού στρατιωτικού ακολούθου Στίβεν Σόντερς… ",2019,01,26
2019-01-26 01:36:00,Τι έγραψε ο Κώστας Μπακογιάννης για την άδεια στον Κουφοντίνα,https://www.documentonews.gr/article/ti-egrapse-o-kwstas-mpakogiannhs-gia-thn-adeia-ston-koyfontina/," Ο Κώστας Μπακογιάννης με μια προσεκτική πολιτικά, αλλά φορτισμένη συναισθηματικά… ",2019,01,26
2019-01-26 01:36:00,Με αυστηρούς όρους βγαίνει στις 12 το μεσημέρι και για 48 ώρες ο Κουφοντίνας,https://www.documentonews.gr/article/me-aysthroys-oroys-bgainei-stis-12-to-meshmeri-kai-gia-48-wres-o-koyfontinas/, Με αυστηρούς περιοριστικούς όρους αναμένεται να βγει από τις φυλακές… ,2019,01,26
2019-01-26 01:36:00,Απόφαση του συμβουλίου των φυλακών Κορυδαλλού η διήμερη άδεια στον Δ. Κουφοντίνα,https://www.documentonews.gr/article/apofash-toy-symboylioy-twn-fylakwn-korydalloy-h-dihmerh-adeia-ston-d-koyfontina/, Με ομόφωνη απόφαση του αρμόδιου συμβουλίου των φυλακών Κορυδαλλού και… ,2019,01,26
2019-01-26 01:36:00,Γιος Νίκου Μομφεράτου: Δεν καταλαβαίνω γιατί γίνεται τόσος θόρυβος με την άδεια Κουφοντίνα,https://www.documentonews.gr/article/gios-nikoy-momferatoy-den-katalabainw-giati-ginetai-tosos-thorybos-me-thn-adeia-koyfontina/, Την άποψή του μετά τον θόρυβο που έγινε για την… ,2019,01,26
2019-01-26 01:35:00,ΗΠΑ: Καταδικάζουμε την έξοδο Κουφοντίνα – Στο παρελθόν τρομοκράτες με άδεια δεν επέστρεψαν (Video),https://www.documentonews.gr/article/hpa-katadikazoyme-thn-exodo-koyfontina-sto-parelthon-tromokrates-me-adeia-den-epestrepsan-video/, Η εκπρόσωπος του Στέιτ Ντιπάρτμεντ Χέδερ Νάουερτ καταδίκασε σήμερα την… ,2019,01,26
2019-01-26 01:34:00,"Πώς ο Κώστας Μπακογιάννης τιμά τη μέρα της δολοφονίας του πατέρα του, Παύλου, από τη 17 Νοέμβρη (Photo)",https://www.documentonews.gr/article/pws-o-kwstas-mpakogiannhs-tima-th-mera-ths-dolofonias-toy-patera-toy-payloy-apo-th-17-noembrh-photo/, Λίγο μετά τις 8 πρωί της 26ης Σεπτεμβρίου 1989 τα… ,2019,01,26
2019-01-26 01:26:00,Αντιεξουσιαστές σήκωσαν πανό υπέρ του Κουφοντίνα έξω από το σπίτι της Ντόρας Μπακογιάννη – Η οργισμένη αντίδρασή της,https://www.documentonews.gr/article/antiexoysiastes-shkwsan-pano-yper-toy-koyfontina-exw-apo-to-spiti-ths-ntoras-mpakogiannh-h-orgismenh-antidrash-ths/, «Κανένας νόμος Παρασκευόπουλου δεν μπορεί να βγάλει τον Κουφοντίνα από… ,2019,01,26
2019-01-26 01:24:00,Πορεία Αντιεξουσιαστών στην Κουμουνδούρου υπέρ Κουφοντίνα,https://www.documentonews.gr/article/poreia-antiexoysiastwn-sthn-koymoyndoyroy-yper-koyfontina/," Περίπου 300 αντιεξουσιαστές πραγματοποίησαν απόψε, στο κέντρο της Αθήνας, πορεία… ",2019,01,26
2019-01-24 22:08:00,Νέα άδεια για τον Δημήτρη Κουφοντίνα,https://www.documentonews.gr/article/nea-adeia-gia-ton-dhmhtrh-koyfontina/," Στο σπίτι του, με την οικογένειά του θα κάνει πρωτοχρονιά… ",2019,01,24
2019-01-24 22:08:00,Νέα άδεια για το Δημήτρη Κουφοντίνα – Βγήκε από τις φυλακές Βόλου,https://www.documentonews.gr/article/nea-adeia-gia-to-dhmhtrh-koyfontina-bghke-apo-tis-fylakes-boloy/," Το πρωί της Παρασκευής βγήκε από τις φυλακές Βόλου, όπου… ",2019,01,24
2019-01-24 22:08:00,Αντίδραση των ΗΠΑ στο ενδεχόμενο αποφυλάκισης του Σάββα Ξηρού,https://www.documentonews.gr/article/antidrash-twn-hpa-sto-endexomeno-apofylakishs-toy-sabba-xhroy/, «Μια απόφαση για την αποφυλάκιση του Σάββα Ξηρό πριν εκτίσει… ,2019,01,24
2019-01-24 14:33:00,Για κακούργημα ελέγχεται ο Δημήτρης Κουφοντίνας – «Διακαής πόθος» να του κόψουν τις άδειες,https://www.documentonews.gr/article/gia-kakoyrghma-elegxetai-o-dhmhtrhs-koyfontinas-diakahs-pothos-na-toy-kopsoyn-tis-adeies/, Λίγες ημέρες μετά την διακοπή της απεργίας πείνας και την… ,2019,01,24
2019-01-24 10:51:00,Κουφοντίνας στο Documentonews: Εκβιάζουν τους εισαγγελείς που μου έδωσαν άδεια,https://www.documentonews.gr/article/koyfontinas-sto-documentonews-ekbiazoyn-toys-eisaggeleis-poy-moy-edwsan-adeia/, “Εκφοβισμό των εισαγγελέων” που του έδωσαν νόμιμη άδεια από τη… ,2019,01,24
2019-01-20 22:31:00,Η Νέα Δημοκρατία συνεχίζει το «κυνήγι μαγισσών» με fake news – Σχόλιο του ΣΥΡΙΖΑ,https://www.documentonews.gr/article/h-nea-dhmokratia-synexizei-to-kynhgi-magisswn-me-fake-news-sxolio-toy-syriza/, Τι και αν έχει διαψευσθεί από την πραγματικότητα και τις… ,2019,01,20
2019-01-20 22:31:00,«Σοκαρισμένη» δηλώνει η Ν.Δ. για την άδεια Κουφοντίνα – Ο Καμμένος της θυμίζει τον Ξηρό,https://www.documentonews.gr/article/sokarismenh-dhlwnei-h-nd-gia-thn-adeia-koyfontina-o-kammenos-ths-thymizei-ton-xhro/, Στο θέμα της 48ωρης άδειας που δόθηκε από το δικαστικό… ,2019,01,20
2019-01-20 22:15:00,Οργισμένος ο Κώστας Μπακογιάννης για την άδεια στον Κουφοντίνα (Photo),https://www.documentonews.gr/article/orgismenos-o-kwstas-mpakogiannhs-gia-thn-adeia-ston-koyfontina-photo/," Με μια οργισμένη ανάρτηση στο Facebook σχολίασε ο Περιφερειάρχης Στερεάς,… ",2019,01,20
2019-01-20 22:15:00,Σε απεργία πείνας ο Δημήτρης Κουφοντίνας,https://www.documentonews.gr/article/se-apergia-peinas-o-dhmhtrhs-koyfontinas/, Απεργία πείνας ανακοίνωσε ο Δημήτρης Κουφοντίνας με αφορμή την άρνηση… ,2019,01,20
2019-01-20 22:15:00,Το πρωί της Τρίτης θα πάρει τη νέα του άδεια ο Δημήτρης Κουφοντίνας,https://www.documentonews.gr/article/to-prwi-ths-triths-tha-parei-th-nea-toy-adeia-o-dhmhtrhs-koyfontinas/, Ο Δημήτρης Κουφοντίνας πήρε σήμερα εξιτήριο από το Γενικό Κρατικό… ,2019,01,20
2019-01-20 22:15:00,Ελεύθερος για 48 ώρες ο Κουφοντίνας – Βγήκε από τον Κορυδαλλό,https://www.documentonews.gr/article/eleytheros-gia-48-wres-o-koyfontinas-bghke-apo-ton-korydallo/, Στις 9 και πέντε το πρωί βγήκε από τις γυναικείες… ,2019,01,20
2019-01-20 22:15:00,Πώς σχολίασε ο Κώστας Μπακογιάννης τη νέα άδεια Κουφοντίνα (Photo),https://www.documentonews.gr/article/pws-sxoliase-o-kwstas-mpakogiannhs-th-nea-adeia-koyfontina-photo/, Με μια φωτογραφία και δέκα λέξεις ο γιος του δολοφονηθέντος… ,2019,01,20
2019-01-20 22:15:00,Ξαναβγαίνει με 48ωρη άδεια ο Κουφοντίνας,https://www.documentonews.gr/article/xanabgainei-me-48wrh-adeia-o-koyfontinas/, To “πράσινο φως” για τη χορήγηση 48ωρης άδειας στον Δημήτρη… ,2019,01,20
2019-01-20 22:15:00,Τι απαντά ο γιος του Κουφοντίνα στον Κυριάκο: Το μόνο που είναι «αδιανόητο» είναι το θράσος σου. Μια λέξη μόνο: Siemens,https://www.documentonews.gr/article/ti-apanta-o-gios-toy-koyfontina-ston-kyriako-to-mono-poy-einai-adianohto-einai-to-thrasos-soy-mia-lexh-mono-siemens/, Έντονη ήταν η αντίδραση του Κυριάκου Μητσοτάκη –όπως και της… ,2019,01,20
2019-01-20 21:20:00,Κοντονής: Ο νόμος Παρασκευόπουλου ήταν σωστή πρωτοβουλία,https://www.documentonews.gr/article/kontonhs-o-nomos-paraskeyopoyloy-htan-swsth-prwtoboylia/, “Σωστή πρωτοβουλία ήταν ο νόμος Παρασκευόπουλου γιατί σήμερα είναι διαχειρίσιμος… ,2019,01,20
2019-01-15 21:06:00,ΚΚΕ «αδειάζει» Κανέλλη για Κουφοντίνα: Αναφαίρετο το δικαίωμα των κρατουμένων στην άδεια,https://www.documentonews.gr/article/kke-adeiazei-kanellh-gia-koyfontina-anafaireto-to-dikaiwma-twn-kratoymenwn-sthn-adeia/," «Το κατοχυρωμένο δικαίωμα στις άδειες κρατουμένων, που προβλέπεται στη σχετική… ",2019,01,15
2019-02-01 16:52:00,Άδικες οι διώξεις κατά εισαγγελέων για τις άδειες στον Κουφοντίνα λέει η Ομοσπονδία Σωφρονιστικών Υπαλλήλων,https://www.documentonews.gr/article/adikes-oi-diwxeis-kata-eisaggelewn-gia-tis-adeies-ston-koyfontina-leei-h-omospondia-swfronistikwn-ypallhlwn/," Η Ομοσπονδία Σωφρονιστικών Υπαλλήλων Ελλάδος χαρακτηρίζει, με ψήφισμα, άδικες τις… ",2019,02,01
2018-12-28 14:14:00,Το τουρκικό ΥΠΕΞ καταγγέλλει την άδεια Κουφοντίνα και τη χαρακτηρίζει «ασυμβίβαστη με τη δικαιοσύνη»,https://www.documentonews.gr/article/to-toyrkiko-ypex-kataggellei-thn-adeia-koyfontina-kai-th-xarakthrizei-asymbibasth-me-th-dikaiosynh/, Για ακόμη μία φορά το υπουργείο Εξωτερικών της Άγκυρας που… ,2018,12,28
2018-12-28 07:18:00,Το τερμάτισε η Ελίζα – Θεωρεί κατάντια και πρόσχημα τον νόμο,https://www.documentonews.gr/article/to-termatise-h-eliza-oewrei-katantia-kai-prosxhma-ton-nomo/, Προκειμένου να υπάρξει στον κόσμο των μέσων κοινωνικής δικτύωσης η… ,2018,12,28
2018-02-12 21:37:00,Καταδικάζει η πρεσβεία των ΗΠΑ την άδεια στον Κουφοντίνα,https://www.documentonews.gr/article/katadikazei-h-presbeia-twn-hpa-thn-adeia-ston-koyfontina/," Την απερίφραστη καταδίκη της για τη χορήγηση νέας άδειας, από… ",2018,02,12
2018-11-28 13:36:00,"Εννέα οργανώσεις στο πλευρό του απεργού πείνας, Δημήτρη Κουφοντίνα",https://www.documentonews.gr/article/ennea-organwseis-sto-pleyro-toy-apergoy-peinas-dhmhtrh-koyfontina/, Με κείμενο τους εννέα οργανώσεις εξηγούν τους λόγους για τους… ,2018,11,28
2018-11-28 13:31:00,Στο νοσοκομείο Βόλου ο Δημήτρης Κουφοντίνας,https://www.documentonews.gr/article/sto-nosokomeio-boloy-o-dhmhtrhs-koyfontinas/, Στο Νοσοκομείο Βόλου οδηγήθηκε τις πρώτες πρωινές ώρες της Πέμπτης… ,2018,11,28
2018-11-28 13:31:00,«Οργή» του Στέιτ Ντιπάρτμεντ για τη νέα άδεια στον Δημήτρη Κουφοντίνα,https://www.documentonews.gr/article/orgh-toy-steit-ntipartment-gia-th-nea-adeia-ston-dhmhtrh-koyfontina/, Την έντονη καταδίκη τους για τη χορήγηση νέας άδειας από… ,2018,11,28
2018-11-23 13:36:00,Στο νοσοκομείο ο Δημήτρης Κουφοντίνας,https://www.documentonews.gr/article/sto-nosokomeio-o-dhmhtrhs-koyfontinas/, Στο Γενικό Κρατικό Νοσοκομείο της Νίκαιας μεταφέρθηκε ο απεργός πείνας… ,2018,11,23
2018-11-13 08:19:00,Εξαήμερη άδεια στον Δημήτρη Κουφοντίνα,https://www.documentonews.gr/article/exahmerh-adeia-ston-dhmhtrh-koyfontina/, Εκτός φυλακών βρίσκεται από σήμερα ο Δημήτρης Κουφοντίνας που έλαβε… ,2018,11,13
2018-10-11 21:49:00,Επέστρεψε στον Κορυδαλλό ο Δημήτρης Κουφοντίνας,https://www.documentonews.gr/article/epestrepse-ston-korydallo-o-dhmhtrhs-koyfontinas/, Τυπικός στην υποχρέωση του ο Δημήτρης Κουφοντίνας επέστρεψε στις 10.30… ,2018,10,11
2018-10-11 21:49:00,Η απάντηση του γιου του Κουφοντίνα στον Κώστα Μπακογιάννη,https://www.documentonews.gr/article/h-apanthsh-toy-gioy-toy-koyfontina-ston-kwsta-mpakogiannh/," Απάντηση στον Κώστα Μπακογιάννη δίνει ο γιος του Δημήτρη Κουφοντίνα,… ",2018,10,11
2018-10-11 21:48:00,Έκτορας Κουφοντίνας: Η κατάσταση της υγείας του πατέρα μου χειροτερεύει με γρήγορο ρυθμό,https://www.documentonews.gr/article/ektoras-koyfontinas-h-katastash-ths-ygeias-toy-patera-moy-xeirotereyei-me-grhgoro-rythmo/," Ένα κείμενο με τον τίτλο «Ποιος νόμος τάχα, τα χέρια… ",2018,10,11
2018-10-11 21:48:00,Έκτορας Κουφοντίνας: Πιστεύουν ότι θα λυγίσουν τον πατέρα μου μετά από 16 χρόνια στη φυλακή;,https://www.documentonews.gr/article/ektoras-koyfontinas-pisteyoyn-oti-tha-lygisoyn-ton-patera-moy-meta-apo-16-xronia-sth-fylakh/," Την απεργία πείνας του πατέρα του, αλλά και τα όσα… ",2018,10,11
2018-01-11 10:48:00,"Δεν φοβάμαι τον Κουφοντίνα, άλλους φοβάμαι",https://www.documentonews.gr/article/den-fobamai-ton-koyfontina-alloys-fobamai/, Η 48ωρη άδεια που δόθηκε από το συμβούλιο των φυλακών… ,2018,01,11
2018-10-31 06:01:00,ΗΠΑ: Καταδικάζουν την άδεια Κουφοντίνα – «Επαίσχυντη αδικία για τις οικογένειες των θυμάτων»,https://www.documentonews.gr/article/hpa-katadikazoyn-thn-adeia-koyfontina-epaisxynth-adikia-gia-tis-oikogeneies-twn-thymatwn/, Την «έντονη καταδίκη» τους για τη χορήγηση της τέταρτης άδειας… ,2018,10,31
2018-10-24 08:38:00,Αποκλειστικό: Ετοιμάζονται να ασκήσουν νέα δίωξη στον Δημήτρη Κουφοντίνα,https://www.documentonews.gr/article/apokleistiko-etoimazontai-na-askhsoyn-nea-diwxh-ston-dhmhtrh-koyfontina/, Λίγες ημέρες μετά την διακοπή της απεργίας πείνας και την… ,2018,10,24
2018-10-24 08:38:00,Υπόθεση Κουφοντίνα: Δικαστικές ερμηνείες κατά το δοκούν,https://www.documentonews.gr/article/ypothesh-koyfontina-dikastikes-ermhneies-kata-to-dokoyn/, Σοβαρά ερωτήματα προκαλούν οι καινοφανείς απόψεις που διατυπώνει η εισαγγελέας… ,2018,10,24
2018-10-23 21:20:00,Ο Ρουβίκωνας «έφαγε πόρτα» στο Υπουργείο Προστασίας του Πολίτη – Στη ΓΑΔΑ οι προσαχθέντες,https://www.documentonews.gr/article/o-roybikwnas-efage-porta-sto-ypoyrgeio-prostasias-toy-polith-sth-gada-oi-prosaxthentes/, Μέλη του Ρουβίκωνα προσπάθησαν να μπουν στο Υπουργείο Προστασίας του… ,2018,10,23
2018-10-23 20:49:00,Το Στέιτ Ντιπάρτμεντ καταδικάζει τη μεταγωγή Κουφοντίνα,https://www.documentonews.gr/article/to-steit-ntipartment-katadikazei-th-metagwgh-koyfontina/, Σε κατηγορηματική καταδίκη της απόφασης για μεταγωγή του Δημήτρη Κουφοντίνα… ,2018,10,23
2018-10-23 08:54:00,Θεσσαλονίκη: Εισβολή αντιεξουσιαστών στην Ελληνοαμερικανική Ένωση (Photos),https://www.documentonews.gr/article/oessalonikh-eisbolh-antiexoysiastwn-sthn-ellhnoamerikanikh-enwsh-photos/," Ομάδα αντιεξουσιαστών εισέβαλε λίγο μετά τις 10:00 στο κτίριο, όπου… ",2018,10,23
2018-10-22 19:54:00,Κώστας Μπακογιάννης για τρομοκρατία: «Φοβάμαι ότι θα χρειαστεί να πάω και σε μια άλλη κηδεία θύματος» (Video),https://www.documentonews.gr/article/kwstas-mpakogiannhs-gia-tromokratia-fobamai-oti-tha-xreiastei-na-paw-kai-se-mia-allh-khdeia-thymatos-video/, Νέες δηλώσεις έκανε ο περιφερειάρχης Στερεάς Ελλάδας Κώστας Μπακογιάννης με… ,2018,10,22
2018-10-22 19:20:00,Τζανακόπουλος: Η ΝΔ προσπαθεί να υποβαθμίσει τις αποκαλύψεις για offshore & Αυγενάκη,https://www.documentonews.gr/article/tzanakopoylos-h-nd-prospathei-na-ypobathmisei-tis-apokalypseis-gia-offshore-aygenakh/, Πίσω από τη σπουδή να τεθούν στην κορυφή της δημόσιας… ,2018,10,22
2018-10-22 18:10:00,Σταματάει την απεργία πείνας ο Δημήτρης Κουφοντίνας,https://www.documentonews.gr/article/stamataei-thn-apergia-peinas-o-dhmhtrhs-koyfontinas/," Μετά από πολύωρη συνεδρίαση, στην οποία τον Δημήτρη Κουφοντίνα εκπροσώπησε… ",2018,10,22
2018-10-22 18:10:00,Επιδεινώνεται η υγεία του απεργού πείνας Κουφοντίνα – Νέα συνεδρίαση για την χορήγηση άδειας,https://www.documentonews.gr/article/epideinwnetai-h-ygeia-toy-apergoy-peinas-koyfontina-nea-synedriash-gia-thn-xorhghsh-adeias/, Επιδεινώνεται ημέρα με την ημέρα η κατάσταση της υγείας του… ,2018,10,22
2018-10-22 18:10:00,Καταρρέει ο απεργός πείνας Δημήτρης Κουφοντίνας,https://www.documentonews.gr/article/katarreei-o-apergos-peinas-dhmhtrhs-koyfontinas/, «Ασταθής» και «αυξημένης επικινδυνότητας» η κατάσταση της υγείας του απεργού… ,2018,10,22
2018-10-22 17:43:00,Σβίγκου: Ασόβαρος ο Μητσοτάκης,https://www.documentonews.gr/article/sbigkoy-asobaros-o-mhtsotakhs/, Σχολιάζοντας την προσπάθεια του Κυριάκου Μητσοτάκη να συσχετίσει τη μεταφορά… ,2018,10,22
2018-10-22 17:43:00,Υπέρ της άδειας στον Κουφοντίνα οι υπάλληλοι των φυλακών,https://www.documentonews.gr/article/yper-ths-adeias-ston-koyfontina-oi-ypallhloi-twn-fylakwn/, Υπέρ_x000D_ της χορήγησης άδειας στον Δημήτρη Κουφοντίνα τάσσεται η Ομοσπονδία_x000D_… ,2018,10,22
2018-10-22 17:43:00,Ο Κουφοντίνας δίνει το παρών στο Α.Τ. Νέας Μάκρης (Video + Photos),https://www.documentonews.gr/article/o-koyfontinas-dinei-to-parwn-sto-at-neas-makrhs-video-photos/," Μετά την έξοδό του από την πύλη των φυλακών Κορυδαλλού,… ",2018,10,22
2018-10-22 17:43:00,Διήμερη άδεια από τις φυλακές Κορυδαλλού παίρνει ο Δημήτρης Κουφοντίνας,https://www.documentonews.gr/article/dihmerh-adeia-apo-tis-fylakes-korydalloy-pairnei-o-dhmhtrhs-koyfontinas/," Το ηγετικό στέλεχος της τρομοκρατικής οργάνωσης «17 Νοέμβρη» Δημήτρης Κουφοντίνας,… ",2018,10,22
2018-10-22 17:43:00,Κοντονής: Γελοιότητες και αθλιότητες οι κατηγορίες εναντίον μας για την άδεια του Κουφοντίνα,https://www.documentonews.gr/article/kontonhs-geloiothtes-kai-athliothtes-oi-kathgories-enantion-mas-gia-thn-adeia-toy-koyfontina/, “Γελοιότητες και αθλιότητες” χαρακτήρισε τις κατηγορίες απέναντι στην κυβέρνηση σχετικά… ,2018,10,22
2018-10-22 17:43:00,Αμερικανός πρέσβης: «Η άδεια Κουφοντίνα ατιμάζει τη μνήμη των θυμάτων»,https://www.documentonews.gr/article/amerikanos-presbhs-h-adeia-koyfontina-atimazei-th-mnhmh-twn-thymatwn/," Μέσω Twitter αντέδρασε ο αμερικανός πρέσβης στην Αθήνα, Τζέφρι Πάιατ,… ",2018,10,22
2018-10-22 17:43:00,Μπακογιάννη-Κοντονής: Άναψαν τα αίματα στη Βουλή για τον Κουφοντίνα,https://www.documentonews.gr/article/mpakogiannh-kontonhs-anapsan-ta-aimata-sth-boylh-gia-ton-koyfontina/, «Φωτιά» πήρε η αίθουσα της Ολομέλειας αμέσως μετά την τοποθέτηση… ,2018,10,22
2018-10-22 17:43:00,Επικοινωνιακή εκμετάλλευση της άδειας Κουφοντίνα από Μητσοτάκη,https://www.documentonews.gr/article/epikoinwniakh-ekmetalleysh-ths-adeias-koyfontina-apo-mhtsotakh/, Σε μία κατά το δοκούν νομική ερμηνεία προχώρησε ο Κυριάκος… ,2018,10,22
2018-10-22 17:43:00,Η επιλεκτική ευαισθησία της Ντόρας για τη νομιμότητα,https://www.documentonews.gr/article/h-epilektikh-eyaisthhsia-ths-ntoras-gia-th-nomimothta/, Την οργή της για την διήμερη άδεια στον Δημήτρη Κουφοντίνα… ,2018,10,22
2018-10-22 17:43:00,Τι θα κάνει ο Κουφοντίνας στην άδειά του,https://www.documentonews.gr/article/ti-tha-kanei-o-koyfontinas-sthn-adeia-toy/, Σύμφωνα με την διαδικασία ο κρατούμενος που ζητά άδεια πρέπει… ,2018,10,22
2018-10-22 17:43:00,Πώς πήρε άδεια από το συμβούλιο φυλακών ο Δημήτρης Κουφοντίνας,https://www.documentonews.gr/article/pws-phre-adeia-apo-to-symboylio-fylakwn-o-dhmhtrhs-koyfontinas/," Τους δεσμούς με την οικογένεια και την επαγγελματική του αποκατάσταση,… ",2018,10,22
2018-10-22 17:43:00,Καμμένος: Διαφωνώ πολιτικά με την άδεια στον Κουφοντίνα αλλά δεν είναι απόφαση της Κυβέρνησης (Photos),https://www.documentonews.gr/article/kammenos-diafwnw-politika-me-thn-adeia-ston-koyfontina-alla-den-einai-apofash-ths-kybernhshs-photos/, Κατά της άδειας του Δημήτρη Κουφοντίνα από την φυλακή τάσσεται… ,2018,10,22
2018-10-22 17:43:00,Νέα 48ωρη άδεια για τον Δημήτρη Κουφοντίνα,https://www.documentonews.gr/article/nea-48wrh-adeia-gia-ton-dhmhtrh-koyfontina/," Νέα 48ωρη άδεια , όπως άλλωστε δικαιούται, πήρε ο Δημήτρης… ",2018,10,22
2018-10-22 17:43:00,Εκτός Κορυδαλλού για πρώτη φορά ο Δημήτρης Κουφοντίνας (Photos + Video),https://www.documentonews.gr/article/ektos-korydalloy-gia-prwth-fora-o-dhmhtrhs-koyfontinas-photos-video/," Με αυστηρούς περιοριστικούς όρους, ο Δημήτρης Κουφοντίνας πέρασε για πρώτη… ",2018,10,22
2018-10-22 17:43:00,«Ντου» του Ρουβίκωνα στην Γενική Γραμματεία Εμπορίου με συνθήματα υπέρ του Κουφοντίνα,https://www.documentonews.gr/article/ntoy-toy-roybikwna-sthn-genikh-grammateia-emporioy-me-synthhmata-yper-toy-koyfontina/, Εισβολή στα γραφεία της Γενική Γραμματείας Εμπορίου και συγκεκριμένα στο… ,2018,10,22
2018-10-22 17:43:00,Οργή ΗΠΑ-Βρετανίας για τη νέα 48ωρη άδεια στον Κουφοντίνα,https://www.documentonews.gr/article/orgh-hpa-bretanias-gia-th-nea-48wrh-adeia-ston-koyfontina/, Την έντονη αντίδρασή τους στην απόφαση του συμβουλίου των φυλακών… ,2018,10,22
2018-10-22 17:43:00,Νέο αίτημα για άδεια από τον Δημήτρη Κουφοντίνα,https://www.documentonews.gr/article/neo-aithma-gia-adeia-apo-ton-dhmhtrh-koyfontina/, Νέο αίτημα χορήγησης άδειας κατέθεσε ο Δημήτρης Κουφοντίνας στο Συμβούλιο… ,2018,10,22
2018-10-22 17:43:00,"Παππάς για Κουφοντίνα: Ουδείς στο δημόσιο διάλογο, δύναται να προτρέπει στη μη τήρηση του νόμου",https://www.documentonews.gr/article/pappas-gia-koyfontina-oydeis-sto-dhmosio-dialogo-dynatai-na-protrepei-sth-mh-thrhsh-toy-nomoy/," «Ουδείς στο δημόσιο διάλογο, δύναται να προτρέπει στη μη τήρηση… ",2018,10,22
2018-10-22 17:43:00,Κοντονής: Γελοιότητες και αθλιότητες οι κατηγορίες εναντίον μας για την άδεια του Κουφοντίνα,https://www.documentonews.gr/article/kontonhs-geloiothtes-kai-athliothtes-oi-kathgories-enantion-mas-gia-thn-adeia-toy-koyfontina/, “Γελοιότητες και αθλιότητες” χαρακτήρισε τις κατηγορίες απέναντι στην κυβέρνηση σχετικά… ,2018,10,22
